Date,Ticker,Close,Daily_Return,Target,AI_Probability
2025-05-15 00:00:00-04:00,ABBV,175.9479522705078,0.0238954293262927,1,0.5327257
2025-05-15 00:00:00-04:00,ADBE,404.6900024414063,0.0130673172071791,1,0.5473355
2025-05-15 00:00:00-04:00,ABT,130.68043518066406,0.0372589235608504,1,0.5437
2025-05-15 00:00:00-04:00,A,111.4849090576172,0.0078909399863955,1,0.5338718
2025-05-15 00:00:00-04:00,AES,11.793673515319824,-0.0095847108497034,0,0.43877172
2025-05-15 00:00:00-04:00,AFL,103.5352020263672,0.0180942385846725,1,0.5102877
2025-05-15 00:00:00-04:00,ACN,318.8971862792969,0.0087386952029993,0,0.5413351
2025-05-15 00:00:00-04:00,AMD,114.98999786376952,-0.0231906500902541,1,0.55088377
2025-05-15 00:00:00-04:00,MMM,146.04859924316406,0.0058155126574961,1,0.48469532
2025-05-15 00:00:00-04:00,AOS,67.9892578125,0.01565465393044,1,0.5180029
2025-05-16 00:00:00-04:00,ABT,132.1013946533203,0.0108735440824925,1,0.52829796
2025-05-16 00:00:00-04:00,AES,11.612964630126951,-0.015322527366739,0,0.47228006
2025-05-16 00:00:00-04:00,AMD,117.16999816894533,0.0189581732818056,0,0.5115236
2025-05-16 00:00:00-04:00,ADBE,417.1300048828125,0.0307395842900946,1,0.5170632
2025-05-16 00:00:00-04:00,AOS,69.06659698486328,0.0158457263253903,0,0.507134
2025-05-16 00:00:00-04:00,MMM,150.33950805664062,0.0293800066259615,1,0.4750047
2025-05-16 00:00:00-04:00,ACN,313.45086669921875,-0.0170786065679116,1,0.5998291
2025-05-16 00:00:00-04:00,AFL,104.55313873291016,0.0098317933091367,0,0.52189916
2025-05-16 00:00:00-04:00,A,112.84376525878906,0.0121887008085515,0,0.5517585
2025-05-16 00:00:00-04:00,ABBV,178.21412658691406,0.0128797993222573,1,0.5079628
2025-05-19 00:00:00-04:00,MMM,151.35089111328125,0.0067273271657879,1,0.5151169
2025-05-19 00:00:00-04:00,ADBE,420.6799926757813,0.008510506919698,0,0.5473355
2025-05-19 00:00:00-04:00,ACN,315.1282043457031,0.0053511979856604,1,0.5246426
2025-05-19 00:00:00-04:00,AFL,104.17141723632812,-0.0036509807472846,0,0.51797587
2025-05-19 00:00:00-04:00,AMD,114.73999786376952,-0.0207390999671437,0,0.5382567
2025-05-19 00:00:00-04:00,A,112.51644897460938,-0.0029006146988186,1,0.5299583
2025-05-19 00:00:00-04:00,ABT,132.8363800048828,0.005563797062789,0,0.5483896
2025-05-19 00:00:00-04:00,ABBV,179.85081481933594,0.0091838299452859,0,0.5079628
2025-05-19 00:00:00-04:00,AOS,69.05680084228516,-0.0001418361842885,0,0.5200811
2025-05-19 00:00:00-04:00,AES,11.13741397857666,-0.040949978467737,0,0.6819991
2025-05-20 00:00:00-04:00,AFL,103.37860870361328,-0.0076106148284057,0,0.51797587
2025-05-20 00:00:00-04:00,AOS,68.18515014648438,-0.01262222815377,0,0.51420224
2025-05-20 00:00:00-04:00,ABT,132.49339294433594,-0.0025820265542787,0,0.5407095
2025-05-20 00:00:00-04:00,AMD,113.51000213623048,-0.0107198514069993,0,0.56398046
2025-05-20 00:00:00-04:00,ACN,315.9076232910156,0.0024733392142122,0,0.49501726
2025-05-20 00:00:00-04:00,A,112.55611419677734,0.0003525282083591,0,0.5012614
2025-05-20 00:00:00-04:00,ABBV,179.0179443359375,-0.0046308963583794,0,0.5008292
2025-05-20 00:00:00-04:00,ADBE,417.6099853515625,-0.0072977260094821,0,0.5301876
2025-05-20 00:00:00-04:00,AES,10.690394401550291,-0.0401367478919462,0,0.6819991
2025-05-20 00:00:00-04:00,MMM,151.3607177734375,6.49263448928572e-05,0,0.52037746
2025-05-21 00:00:00-04:00,AOS,65.73666381835938,-0.0359093779637478,1,0.45562595
2025-05-21 00:00:00-04:00,A,108.02333068847656,-0.0402713219148299,1,0.5250693
2025-05-21 00:00:00-04:00,AFL,101.90232849121094,-0.0142803257938481,0,0.5034976
2025-05-21 00:00:00-04:00,MMM,146.69662475585938,-0.0308144219067427,1,0.44243526
2025-05-21 00:00:00-04:00,ABT,130.3864288330078,-0.0159024089013504,0,0.50825906
2025-05-21 00:00:00-04:00,ACN,313.48046875,-0.0076831148160667,0,0.5271811
2025-05-21 00:00:00-04:00,ADBE,414.0299987792969,-0.0085725597994306,1,0.5239078
2025-05-21 00:00:00-04:00,ABBV,176.0641632080078,-0.0164999164686348,1,0.49296263
2025-05-21 00:00:00-04:00,AMD,112.05999755859376,-0.0127742450035062,0,0.55839336
2025-05-21 00:00:00-04:00,AES,9.634671211242676,-0.0987543724443428,0,0.4267876
2025-05-22 00:00:00-04:00,A,108.78705596923828,0.0070700030807622,0,0.51568025
2025-05-22 00:00:00-04:00,AOS,65.98151397705078,0.0037247122757546,0,0.51346433
2025-05-22 00:00:00-04:00,AMD,110.70999908447266,-0.0120471042614044,0,0.5750813
2025-05-22 00:00:00-04:00,AES,9.15911865234375,-0.0493584626265195,1,0.42147717
2025-05-22 00:00:00-04:00,ACN,312.2274169921875,-0.0039972243336531,0,0.5301533
2025-05-22 00:00:00-04:00,ABT,128.86746215820312,-0.0116497298714277,0,0.51835597
2025-05-22 00:00:00-04:00,ABBV,176.7808074951172,0.0040703586354635,1,0.50203854
2025-05-22 00:00:00-04:00,AFL,100.8295669555664,-0.0105273505672351,1,0.51517993
2025-05-22 00:00:00-04:00,MMM,147.0697784423828,0.0025437101033813,0,0.51897043
2025-05-22 00:00:00-04:00,ADBE,414.3299865722656,0.0007245556936772,0,0.52548254
2025-05-23 00:00:00-04:00,ABBV,177.4781036376953,0.0039444108919877,1,0.50203854
2025-05-23 00:00:00-04:00,AMD,110.30999755859376,-0.0036130568980827,1,0.5315718
2025-05-23 00:00:00-04:00,A,107.64642333984376,-0.0104850031948383,1,0.51423395
2025-05-23 00:00:00-04:00,ADBE,407.6900024414063,-0.0160258353149662,1,0.5484656
2025-05-23 00:00:00-04:00,AOS,65.63872528076172,-0.0051952232622047,1,0.48588222
2025-05-23 00:00:00-04:00,AES,9.501517295837402,0.0373833614881748,1,0.5781063
2025-05-23 00:00:00-04:00,ABT,128.67147827148438,-0.001520817461883,1,0.52620727
2025-05-23 00:00:00-04:00,AFL,100.90830993652344,0.0007809512956822,1,0.51598287
2025-05-23 00:00:00-04:00,ACN,305.4490661621094,-0.0217096592457405,1,0.48862883
2025-05-23 00:00:00-04:00,MMM,145.6587677001953,-0.009594158345321,1,0.49497846
2025-05-27 00:00:00-04:00,AOS,67.15678405761719,0.0231274871710587,0,0.51183647
2025-05-27 00:00:00-04:00,A,110.3542022705078,0.0251543789998063,0,0.5383864
2025-05-27 00:00:00-04:00,ABBV,179.86048889160156,0.0134235446800223,0,0.52046055
2025-05-27 00:00:00-04:00,AMD,114.55999755859376,0.0385277861849513,0,0.5193748
2025-05-27 00:00:00-04:00,ACN,311.22100830078125,0.0188965781142986,1,0.45797846
2025-05-27 00:00:00-04:00,ADBE,413.1000061035156,0.0132698953364371,0,0.53963083
2025-05-27 00:00:00-04:00,AES,9.577604293823242,0.00800787870156,0,0.47270724
2025-05-27 00:00:00-04:00,ABT,130.2786407470703,0.0124904329784334,0,0.5114226
2025-05-27 00:00:00-04:00,MMM,147.50393676757812,0.0126677514612829,0,0.5161765
2025-05-27 00:00:00-04:00,AFL,101.77438354492188,0.0085827778598535,0,0.52189916
2025-05-28 00:00:00-04:00,ADBE,412.2300109863281,-0.0021060157451788,1,0.51774746
2025-05-28 00:00:00-04:00,AFL,100.37684631347656,-0.0137317189529175,1,0.51362044
2025-05-28 00:00:00-04:00,ACN,311.7735290527344,0.0017753324397018,1,0.50818664
2025-05-28 00:00:00-04:00,ABT,129.37705993652344,-0.0069204038772345,1,0.49313998
2025-05-28 00:00:00-04:00,AOS,62.90623474121094,-0.0632929252949261,1,0.4849724
2025-05-28 00:00:00-04:00,A,109.97727966308594,-0.0034155709494226,1,0.5207668
2025-05-28 00:00:00-04:00,ABBV,177.31346130371094,-0.014161129014976,1,0.49296263
2025-05-28 00:00:00-04:00,AMD,112.86000061035156,-0.0148393591521569,1,0.5750813
2025-05-28 00:00:00-04:00,AES,9.225696563720703,-0.0367427719194339,1,0.45554045
2025-05-28 00:00:00-04:00,MMM,146.68496704101562,-0.0055521889415938,1,0.5143531
2025-05-29 00:00:00-04:00,AOS,63.39592742919922,0.0077844857509405,0,0.5135249
2025-05-29 00:00:00-04:00,ABBV,179.7636260986328,0.0138182672477704,1,0.5017357
2025-05-29 00:00:00-04:00,AMD,113.02999877929688,0.0015062747477048,0,0.5260875
2025-05-29 00:00:00-04:00,AES,9.55858325958252,0.0360825541532403,1,0.7037845
2025-05-29 00:00:00-04:00,AFL,101.18387603759766,0.0080399988021215,1,0.5253986
2025-05-29 00:00:00-04:00,ACN,313.4903259277344,0.0055065511181022,0,0.5377608
2025-05-29 00:00:00-04:00,ABT,130.19046020507812,0.0062870517304518,1,0.5231019
2025-05-29 00:00:00-04:00,A,112.35774993896484,0.021645109636931,0,0.5197503
2025-05-29 00:00:00-04:00,MMM,147.64207458496094,0.0065249191055665,0,0.5224052
2025-05-29 00:00:00-04:00,ADBE,413.3599853515625,0.0027411259130083,1,0.53024495
2025-05-30 00:00:00-04:00,ACN,312.59246826171875,-0.0028640681761343,0,0.51048374
2025-05-30 00:00:00-04:00,AMD,110.7300033569336,-0.0203485397434557,1,0.53262687
2025-05-30 00:00:00-04:00,ABT,130.90582275390625,0.00549473861373,0,0.5315957
2025-05-30 00:00:00-04:00,AOS,62.98457336425781,-0.0064886512686608,0,0.5064614
2025-05-30 00:00:00-04:00,ABBV,180.23817443847656,0.0026398462811567,1,0.49230412
2025-05-30 00:00:00-04:00,A,111.00881958007812,-0.0120056725915167,0,0.53262687
2025-05-30 00:00:00-04:00,AES,9.59662628173828,0.0039799854353543,1,0.60907197
2025-05-30 00:00:00-04:00,ADBE,415.0899963378906,0.0041852405835962,0,0.5115461
2025-05-30 00:00:00-04:00,AFL,101.90232849121094,0.0071004638461005,1,0.52189916
2025-05-30 00:00:00-04:00,MMM,146.37908935546875,-0.0085543720043395,0,0.5253799
2025-06-02 00:00:00-04:00,ABBV,181.0904235839844,0.0047284608167108,1,0.5075929
2025-06-02 00:00:00-04:00,AMD,114.62999725341795,0.0352207511808058,1,0.5195539
2025-06-02 00:00:00-04:00,ACN,310.2738342285156,-0.0074174340990897,0,0.50311285
2025-06-02 00:00:00-04:00,ADBE,403.3999938964844,-0.028162573284205,1,0.4924212
2025-06-02 00:00:00-04:00,AFL,102.15821838378906,0.0025111290033004,1,0.49189845
2025-06-02 00:00:00-04:00,ABT,130.8960418701172,-7.471694981397992e-05,1,0.50749445
2025-06-02 00:00:00-04:00,A,110.14591217041016,-0.0077733229930032,1,0.51517993
2025-06-02 00:00:00-04:00,AOS,61.711368560791016,-0.0202145499359579,1,0.5073559
2025-06-02 00:00:00-04:00,AES,9.682225227355955,0.0089196914733009,1,0.38018632
2025-06-02 00:00:00-04:00,MMM,144.45497131347656,-0.013144760296463,1,0.4967431
2025-06-03 00:00:00-04:00,A,111.84197998046876,0.0153983727279372,1,0.54429734
2025-06-03 00:00:00-04:00,ADBE,412.489990234375,0.0225334568057111,1,0.53633934
2025-06-03 00:00:00-04:00,AOS,62.68096923828125,0.015711864768241,1,0.49347672
2025-06-03 00:00:00-04:00,ABBV,181.3422241210937,0.0013904685412176,1,0.49230412
2025-06-03 00:00:00-04:00,AMD,117.30999755859376,0.0233795722706946,1,0.5383864
2025-06-03 00:00:00-04:00,AFL,102.42394256591795,0.0026011043098912,0,0.5062529
2025-06-03 00:00:00-04:00,ACN,308.7247619628906,-0.0049925971665535,1,0.50661975
2025-06-03 00:00:00-04:00,MMM,146.16200256347656,0.0118170474472327,0,0.51383966
2025-06-03 00:00:00-04:00,ABT,131.03321838378906,0.0010479806089782,0,0.51888704
2025-06-03 00:00:00-04:00,AES,9.76782512664795,0.0088409324594249,0,0.34025112
2025-06-04 00:00:00-04:00,ADBE,413.9100036621094,0.0034425403315303,1,0.51466656
2025-06-04 00:00:00-04:00,ABT,130.29823303222656,-0.0056091528593136,1,0.5397866
2025-06-04 00:00:00-04:00,A,114.00423431396484,0.0193331192265522,0,0.52912223
2025-06-04 00:00:00-04:00,ABBV,181.4293975830078,0.0004807124338337,1,0.54540455
2025-06-04 00:00:00-04:00,AMD,118.58000183105467,0.0108260531829487,0,0.51568025
2025-06-04 00:00:00-04:00,AES,9.672714233398438,-0.009737161754671,1,0.65246284
2025-06-04 00:00:00-04:00,ACN,312.1780700683594,0.011185717930471,0,0.48966536
2025-06-04 00:00:00-04:00,AOS,62.97478866577149,0.0046875380368367,0,0.52510333
2025-06-04 00:00:00-04:00,AFL,101.20355987548828,-0.0119150138127543,0,0.5226096
2025-06-04 00:00:00-04:00,MMM,144.8595428466797,-0.0089110691831909,0,0.49045587
2025-06-05 00:00:00-04:00,AFL,100.5933609008789,-0.0060294220416763,1,0.5214777
2025-06-05 00:00:00-04:00,ABT,131.2586212158203,0.007370692305215,0,0.5114226
2025-06-05 00:00:00-04:00,MMM,144.31683349609375,-0.0037464521834115,0,0.50670856
2025-06-05 00:00:00-04:00,AMD,115.69000244140624,-0.0243717266404324,1,0.4980271
2025-06-05 00:00:00-04:00,AES,9.996089935302734,0.0334317435728359,1,0.4165286
2025-06-05 00:00:00-04:00,ABBV,181.55528259277344,0.0006938512250089,1,0.5092061
2025-06-05 00:00:00-04:00,AOS,62.48508834838867,-0.007776132762935,1,0.42862847
2025-06-05 00:00:00-04:00,A,113.01237487792967,-0.008700198216354,1,0.51423395
2025-06-05 00:00:00-04:00,ACN,311.17169189453125,-0.0032237311660224,1,0.50311285
2025-06-05 00:00:00-04:00,ADBE,415.2000122070313,0.0031166401717968,1,0.51466656
2025-06-06 00:00:00-04:00,ABT,130.90582275390625,-0.0026878117311165,0,0.49313998
2025-06-06 00:00:00-04:00,ACN,313.4114074707031,0.0071976842190741,0,0.50401926
2025-06-06 00:00:00-04:00,AES,10.357508659362791,0.0361560096396942,0,0.48388717
2025-06-06 00:00:00-04:00,ABBV,183.8408050537109,0.0125885759328956,0,0.5186307
2025-06-06 00:00:00-04:00,AOS,63.013954162597656,0.0084638723924062,1,0.41341397
2025-06-06 00:00:00-04:00,AMD,116.19000244140624,0.0043218946274397,1,0.5249687
2025-06-06 00:00:00-04:00,MMM,143.5669403076172,-0.0051961588285324,0,0.49770778
2025-06-06 00:00:00-04:00,ADBE,416.9200134277344,0.0041425847064893,0,0.50107056
2025-06-06 00:00:00-04:00,A,114.85723876953124,0.0163244414038223,1,0.5109151
2025-06-06 00:00:00-04:00,AFL,102.04011535644533,0.014382206167582,0,0.52189916
2025-06-09 00:00:00-04:00,AMD,121.7300033569336,0.0476805301585319,1,0.4884592
2025-06-09 00:00:00-04:00,ABT,130.7294158935547,-0.0013475860480491,1,0.5137193
2025-06-09 00:00:00-04:00,MMM,142.3137969970703,-0.0087286342375326,1,0.49798292
2025-06-09 00:00:00-04:00,AOS,63.49386215209961,0.0076159002538329,1,0.5134752
2025-06-09 00:00:00-04:00,ABBV,183.19195556640625,-0.003529409518823,1,0.5082009
2025-06-09 00:00:00-04:00,A,115.7895736694336,0.0081173368774183,1,0.5338718
2025-06-09 00:00:00-04:00,ACN,312.3951110839844,-0.0032426911161929,1,0.5156163
2025-06-09 00:00:00-04:00,AFL,100.88861846923828,-0.0112847470152758,0,0.51362044
2025-06-09 00:00:00-04:00,ADBE,416.260009765625,-0.0015830462459288,0,0.5029695
2025-06-09 00:00:00-04:00,AES,10.347996711730955,-0.0009183625082695,1,0.6254046
2025-06-10 00:00:00-04:00,AMD,123.23999786376952,0.012404456298324,0,0.53548366
2025-06-10 00:00:00-04:00,A,119.53880310058594,0.0323796807634508,0,0.53883123
2025-06-10 00:00:00-04:00,ABT,131.44482421875,0.0054724357200357,1,0.5172755
2025-06-10 00:00:00-04:00,AES,10.73794937133789,0.0376838793507605,1,0.698565
2025-06-10 00:00:00-04:00,ACN,316.63775634765625,0.0135810232399291,0,0.50401926
2025-06-10 00:00:00-04:00,MMM,143.1327667236328,0.0057546755398518,1,0.519382
2025-06-10 00:00:00-04:00,ADBE,416.05999755859375,-0.0004804982519072,0,0.53918546
2025-06-10 00:00:00-04:00,AFL,100.65242004394533,-0.0023411800942142,0,0.4871779
2025-06-10 00:00:00-04:00,AOS,64.38510131835938,0.0140366192266709,0,0.52402246
2025-06-10 00:00:00-04:00,ABBV,183.521224975586,0.0017974010275814,1,0.52558595
2025-06-11 00:00:00-04:00,A,118.7453155517578,-0.0066379077608837,0,0.5678088
2025-06-11 00:00:00-04:00,ACN,314.96044921875,-0.0052972429701801,0,0.4878204
2025-06-11 00:00:00-04:00,ABT,132.57179260253906,0.008573699196505,1,0.5250039
2025-06-11 00:00:00-04:00,AMD,121.13999938964844,-0.0170399100172204,0,0.5750813
2025-06-11 00:00:00-04:00,AES,10.918658256530762,0.0168289939674353,1,0.5932187
2025-06-11 00:00:00-04:00,MMM,145.224609375,0.0146147014359487,0,0.53855425
2025-06-11 00:00:00-04:00,ADBE,412.8399963378906,-0.0077392713541264,1,0.50251126
2025-06-11 00:00:00-04:00,AFL,99.74696350097656,-0.0089958745410536,1,0.51517993
2025-06-11 00:00:00-04:00,ABBV,185.4581298828125,0.0105541193258937,1,0.51221085
2025-06-11 00:00:00-04:00,AOS,64.08148956298828,-0.0047155591768016,0,0.5255692
2025-06-12 00:00:00-04:00,AMD,118.5,-0.0217929618866584,0,0.49845797
2025-06-12 00:00:00-04:00,MMM,142.8466339111328,-0.0163744662430233,0,0.48887762
2025-06-12 00:00:00-04:00,ABT,133.71835327148438,0.0086486019871723,0,0.5559275
2025-06-12 00:00:00-04:00,AES,10.97572422027588,0.0052264630327618,0,0.4581021
2025-06-12 00:00:00-04:00,ADBE,413.6799926757813,0.002034677708899,0,0.50107056
2025-06-12 00:00:00-04:00,ACN,313.8849792480469,-0.0034146191160534,0,0.4968851
2025-06-12 00:00:00-04:00,ABBV,186.34909057617188,0.0048041069643178,0,0.5323812
2025-06-12 00:00:00-04:00,AFL,101.00672149658205,0.0126295372950691,0,0.51568025
2025-06-12 00:00:00-04:00,AOS,62.925819396972656,-0.0180343836246139,0,0.51771706
2025-06-12 00:00:00-04:00,A,117.9419174194336,-0.006765724850628,0,0.53410375
2025-06-13 00:00:00-04:00,AOS,62.49488830566406,-0.0068482396484983,1,0.49309933
2025-06-13 00:00:00-04:00,A,116.12681579589844,-0.0153897923931503,1,0.5750813
2025-06-13 00:00:00-04:00,ABT,132.9049835205078,-0.0060827084022281,0,0.5315379
2025-06-13 00:00:00-04:00,MMM,140.42919921875,-0.0169232877681019,1,0.49238363
2025-06-13 00:00:00-04:00,AMD,116.16000366210938,-0.0197468045391614,1,0.53094983
2025-06-13 00:00:00-04:00,ADBE,391.6799926757813,-0.0531812038036907,1,0.36729
2025-06-13 00:00:00-04:00,ABBV,185.0513610839844,-0.0069639700852578,0,0.50844973
2025-06-13 00:00:00-04:00,ACN,307.5506286621094,-0.0201804833130666,1,0.48862883
2025-06-13 00:00:00-04:00,AES,10.880615234375,-0.0086653950110355,1,0.4843994
2025-06-13 00:00:00-04:00,AFL,100.5638427734375,-0.0043846460570401,1,0.5117536
2025-06-16 00:00:00-04:00,ABBV,184.8383178710937,-0.0011512653116557,0,0.51470554
2025-06-16 00:00:00-04:00,AOS,62.9943733215332,0.0079924139303384,0,0.52402246
2025-06-16 00:00:00-04:00,ACN,310.1356811523437,0.0084052908670018,0,0.5227399
2025-06-16 00:00:00-04:00,AFL,101.09529876708984,0.0052847621868394,0,0.5544185
2025-06-16 00:00:00-04:00,A,118.05101013183594,0.0165697674800575,0,0.5330139
2025-06-16 00:00:00-04:00,AES,10.89963722229004,0.0017482456189559,0,0.4410067
2025-06-16 00:00:00-04:00,ADBE,401.7300109863281,0.0256587482089387,0,0.5209155
2025-06-16 00:00:00-04:00,ABT,131.3271942138672,-0.0118715586492448,0,0.49923685
2025-06-16 00:00:00-04:00,MMM,143.1426544189453,0.0193225854401439,0,0.46911693
2025-06-16 00:00:00-04:00,AMD,126.38999938964844,0.0880681422608806,1,0.43843955
2025-06-17 00:00:00-04:00,A,115.14486694335938,-0.0246176901428548,0,0.5254751
2025-06-17 00:00:00-04:00,ABBV,179.6280517578125,-0.0281882359312253,1,0.49651787
2025-06-17 00:00:00-04:00,AOS,61.92683792114258,-0.0169465198890345,0,0.49714124
2025-06-17 00:00:00-04:00,MMM,140.32066345214844,-0.0197145356724877,1,0.49238363
2025-06-17 00:00:00-04:00,AMD,127.0999984741211,0.005617525816135,0,0.55552673
2025-06-17 00:00:00-04:00,ADBE,382.6799926757813,-0.0474199531764509,0,0.36729
2025-06-17 00:00:00-04:00,AFL,100.47525787353516,-0.0061332317240901,1,0.51703024
2025-06-17 00:00:00-04:00,AES,10.015110969543455,-0.0811518984262803,0,0.6517015
2025-06-17 00:00:00-04:00,ACN,307.86639404296875,-0.0073170784507707,0,0.50311285
2025-06-17 00:00:00-04:00,ABT,129.63185119628906,-0.0129093066194443,1,0.49923685
2025-06-18 00:00:00-04:00,AMD,126.79000091552734,-0.0024390052109786,1,0.5315718
2025-06-18 00:00:00-04:00,ABT,129.75924682617188,0.0009827494455039,1,0.5207168
2025-06-18 00:00:00-04:00,AFL,101.00672149658205,0.0052894974772379,1,0.5358371
2025-06-18 00:00:00-04:00,AES,10.005600929260254,-0.0009495691372888,0,0.53783655
2025-06-18 00:00:00-04:00,ABBV,179.6377410888672,5.394107969136641e-05,0,0.49780607
2025-06-18 00:00:00-04:00,ADBE,378.0400085449219,-0.0121249718293754,0,0.49075198
2025-06-18 00:00:00-04:00,ACN,302.2917785644531,-0.0181072555705368,0,0.4987531
2025-06-18 00:00:00-04:00,AOS,61.77993392944336,-0.0023722185183471,0,0.5255692
2025-06-18 00:00:00-04:00,A,114.57950592041016,-0.0049099976226236,1,0.5026887
2025-06-18 00:00:00-04:00,MMM,140.6166534423828,0.002109382773374,1,0.48621652
2025-06-20 00:00:00-04:00,ABT,130.32765197753906,0.0043804596995591,1,0.5207168
2025-06-20 00:00:00-04:00,AMD,128.24000549316406,0.011436269162919,1,0.5144275
2025-06-20 00:00:00-04:00,AFL,101.66613006591795,0.0065283632570751,1,0.51568025
2025-06-20 00:00:00-04:00,AOS,61.44693756103516,-0.0053900408632436,1,0.5255692
2025-06-20 00:00:00-04:00,ABBV,179.45375061035156,-0.0010242306399556,0,0.51653636
2025-06-20 00:00:00-04:00,ACN,281.5621032714844,-0.0685750548407616,1,0.32977664
2025-06-20 00:00:00-04:00,AES,9.900979042053224,-0.0104563322030039,0,0.4746725
2025-06-20 00:00:00-04:00,A,114.61917877197266,0.0003462473611124,1,0.5012614
2025-06-20 00:00:00-04:00,MMM,142.11647033691406,0.0106659976454766,1,0.49213856
2025-06-20 00:00:00-04:00,ADBE,376.9200134277344,-0.0029626364719923,1,0.49861804
2025-06-23 00:00:00-04:00,ABT,130.5922088623047,0.0020299367076084,1,0.50199234
2025-06-23 00:00:00-04:00,ADBE,380.1199951171875,0.0084898163415423,1,0.51475084
2025-06-23 00:00:00-04:00,ABBV,177.9623260498047,-0.0083109132880995,1,0.49803022
2025-06-23 00:00:00-04:00,AES,9.653691291809082,-0.0249760906667732,1,0.43478736
2025-06-23 00:00:00-04:00,A,115.18455505371094,0.0049326499089916,1,0.50663006
2025-06-23 00:00:00-04:00,AFL,103.1817626953125,0.01490794061318,0,0.540385
2025-06-23 00:00:00-04:00,ACN,291.0636291503906,0.0337457554426094,1,0.5447641
2025-06-23 00:00:00-04:00,AOS,62.81808090209961,0.0223142665116953,1,0.5619964
2025-06-23 00:00:00-04:00,MMM,145.6390380859375,0.024786484920942,1,0.49821067
2025-06-23 00:00:00-04:00,AMD,129.5800018310547,0.010449128824796,1,0.5246472
2025-06-24 00:00:00-04:00,ACN,296.7073059082031,0.0193898384840671,0,0.51411575
2025-06-24 00:00:00-04:00,A,116.68225860595705,0.0130026421645481,1,0.4864205
2025-06-24 00:00:00-04:00,MMM,147.87889099121094,0.0153794815916854,0,0.5084099
2025-06-24 00:00:00-04:00,ABT,135.3157501220703,0.0361701613053049,0,0.5437
2025-06-24 00:00:00-04:00,ABBV,179.6958465576172,0.0097409409412156,0,0.4873829
2025-06-24 00:00:00-04:00,ADBE,382.3399963378906,0.0058402642566033,1,0.502049
2025-06-24 00:00:00-04:00,AMD,138.42999267578125,0.068297505168005,1,0.405351
2025-06-24 00:00:00-04:00,AOS,63.601593017578125,0.0124727165208946,1,0.5264056
2025-06-24 00:00:00-04:00,AES,9.958045959472656,0.0315272840682001,1,0.45566434
2025-06-24 00:00:00-04:00,AFL,102.51251983642578,-0.006486057626898,0,0.51703024
2025-06-25 00:00:00-04:00,ABBV,179.5408935546875,-0.0008623070922232,1,0.50403386
2025-06-25 00:00:00-04:00,AES,9.986578941345217,0.0028653193597101,1,0.43129498
2025-06-25 00:00:00-04:00,A,117.65426635742188,0.0083303816970783,1,0.5338718
2025-06-25 00:00:00-04:00,ADBE,387.5499877929688,0.0136265928361674,0,0.51475084
2025-06-25 00:00:00-04:00,AFL,100.85910034179688,-0.0161289518320999,1,0.5034976
2025-06-25 00:00:00-04:00,AMD,143.39999389648438,0.0359026329817371,1,0.5333865
2025-06-25 00:00:00-04:00,ACN,290.6689758300781,-0.020351133787023,1,0.52566326
2025-06-25 00:00:00-04:00,MMM,145.78704833984375,-0.0141456474101602,1,0.48226434
2025-06-25 00:00:00-04:00,AOS,63.69953536987305,0.0015399355212353,0,0.51385754
2025-06-25 00:00:00-04:00,ABT,134.64935302734375,-0.0049247563134771,0,0.49793527
2025-06-26 00:00:00-04:00,A,118.44776153564452,0.0067442958320957,0,0.53548366
2025-06-26 00:00:00-04:00,ACN,292.12921142578125,0.0050237064053122,0,0.560601
2025-06-26 00:00:00-04:00,MMM,148.75704956054688,0.0203721884387133,1,0.48331162
2025-06-26 00:00:00-04:00,AOS,63.33715438842773,-0.0056889109055685,1,0.5102952
2025-06-26 00:00:00-04:00,AMD,143.67999267578125,0.0019525717657908,1,0.5045748
2025-06-26 00:00:00-04:00,AFL,102.2664794921875,0.0139539133863104,1,0.51211673
2025-06-26 00:00:00-04:00,ABBV,180.896713256836,0.0075515927057334,0,0.52046055
2025-06-26 00:00:00-04:00,ABT,130.99403381347656,-0.0271469497007155,1,0.49376655
2025-06-26 00:00:00-04:00,AES,10.281420707702637,0.0295238007018352,0,0.45566434
2025-06-26 00:00:00-04:00,ADBE,384.9500122070313,-0.0067087489816317,1,0.50428146
2025-06-27 00:00:00-04:00,ABT,131.6898193359375,0.0053115817736528,1,0.5315957
2025-06-27 00:00:00-04:00,ADBE,385.8299865722656,0.0022859445053375,1,0.4996593
2025-06-27 00:00:00-04:00,AOS,64.29695892333984,0.0151538941744355,0,0.52561986
2025-06-27 00:00:00-04:00,ACN,291.5174865722656,-0.0020940215137336,1,0.5335026
2025-06-27 00:00:00-04:00,MMM,150.0003204345703,0.0083577274333974,1,0.5087063
2025-06-27 00:00:00-04:00,AES,10.19582176208496,-0.0083255950759362,0,0.71975267
2025-06-27 00:00:00-04:00,AMD,143.80999755859375,0.0009048224487724,0,0.5045748
2025-06-27 00:00:00-04:00,A,118.19979858398438,-0.0020934372118591,0,0.5299583
2025-06-27 00:00:00-04:00,AFL,103.40812683105467,0.011163455948969,1,0.51568025
2025-06-27 00:00:00-04:00,ABBV,176.55807495117188,-0.0239840637651835,1,0.49099982
2025-06-30 00:00:00-04:00,ABBV,179.7636260986328,0.0181557889569619,1,0.4963395
2025-06-30 00:00:00-04:00,A,117.04924774169922,-0.0097339492627617,1,0.51423395
2025-06-30 00:00:00-04:00,MMM,150.21739196777344,0.0014471404632618,1,0.5025784
2025-06-30 00:00:00-04:00,ACN,294.9017333984375,0.0116090697198465,1,0.54059756
2025-06-30 00:00:00-04:00,AFL,103.79196166992188,0.0037118440361492,1,0.4770012
2025-06-30 00:00:00-04:00,ABT,133.28717041015625,0.0121296473962344,1,0.5078577
2025-06-30 00:00:00-04:00,AOS,64.21862030029297,-0.0012183876867376,1,0.519354
2025-06-30 00:00:00-04:00,AES,10.005600929260254,-0.0186567436410154,1,0.7053548
2025-06-30 00:00:00-04:00,AMD,141.89999389648438,-0.0132814386658421,0,0.5454902
2025-06-30 00:00:00-04:00,ADBE,386.8800048828125,0.0027214533527455,1,0.5053227
2025-07-01 00:00:00-04:00,ADBE,392.1000061035156,0.013492558816226,0,0.51475084
2025-07-01 00:00:00-04:00,ABBV,183.99575805664065,0.0235427602894799,1,0.51403254
2025-07-01 00:00:00-04:00,AMD,136.11000061035156,-0.0408033371048387,1,0.76520187
2025-07-01 00:00:00-04:00,A,119.72097778320312,0.0228256916900466,1,0.52021265
2025-07-01 00:00:00-04:00,ACN,298.5819396972656,0.012479432577142,0,0.54059756
2025-07-01 00:00:00-04:00,AFL,104.10689544677734,0.0030342790692887,0,0.5260875
2025-07-01 00:00:00-04:00,ABT,133.5321807861328,0.0018382142498982,0,0.52599525
2025-07-01 00:00:00-04:00,AES,10.24337673187256,0.0237642700616769,1,0.6218538
2025-07-01 00:00:00-04:00,MMM,151.7665252685547,0.0103126094820871,1,0.5120083
2025-07-01 00:00:00-04:00,AOS,66.36348724365234,0.0333994553811614,1,0.55878246
2025-07-02 00:00:00-04:00,ADBE,378.4700012207031,-0.0347615523352329,1,0.4349068
2025-07-02 00:00:00-04:00,A,119.92970275878906,0.0017434285908013,1,0.50456923
2025-07-02 00:00:00-04:00,ABT,131.4252166748047,-0.0157786991789092,1,0.51835597
2025-07-02 00:00:00-04:00,ABBV,184.73178100585932,0.004000216945176,0,0.49230412
2025-07-02 00:00:00-04:00,AOS,66.68667602539062,0.0048699788869095,0,0.4876228
2025-07-02 00:00:00-04:00,MMM,151.92440795898438,0.0010402998299545,0,0.5293554
2025-07-02 00:00:00-04:00,AES,10.585772514343262,0.0334260655868807,1,0.6587486
2025-07-02 00:00:00-04:00,ACN,298.2563781738281,-0.0010903590611259,1,0.5366915
2025-07-02 00:00:00-04:00,AMD,138.52000427246094,0.0177062938160481,0,0.5779604
2025-07-02 00:00:00-04:00,AFL,101.88264465332033,-0.0213650669719002,1,0.53262687
2025-07-03 00:00:00-04:00,ADBE,379.30999755859375,0.0022194528897436,0,0.49354196
2025-07-03 00:00:00-04:00,AES,10.956704139709473,0.0350405815790595,0,0.698565
2025-07-03 00:00:00-04:00,A,120.64533996582033,0.0059671390036761,0,0.5251762
2025-07-03 00:00:00-04:00,ABT,131.7486114501953,0.0024606752309248,0,0.48763946
2025-07-03 00:00:00-04:00,AFL,102.9160385131836,0.0101429822849576,0,0.5240267
2025-07-03 00:00:00-04:00,ABBV,183.30816650390625,-0.007706386492901,0,0.49803022
2025-07-03 00:00:00-04:00,AMD,137.91000366210938,-0.0044037004875607,0,0.5558079
2025-07-03 00:00:00-04:00,AOS,66.52017974853516,-0.0024966947939056,1,0.5092147
2025-07-03 00:00:00-04:00,MMM,150.90809631347656,-0.0066895876650853,0,0.52867365
2025-07-03 00:00:00-04:00,ACN,300.713134765625,0.0082370630490424,0,0.53711146
2025-07-07 00:00:00-04:00,A,118.52822875976562,-0.0175482219757057,1,0.49602523
2025-07-07 00:00:00-04:00,ACN,296.5297241210937,-0.0139116325856263,1,0.522164
2025-07-07 00:00:00-04:00,ADBE,376.9299926757813,-0.0062745640719495,1,0.49447593
2025-07-07 00:00:00-04:00,AMD,134.8000030517578,-0.0225509428450986,1,0.59582466
2025-07-07 00:00:00-04:00,AFL,101.25276947021484,-0.0161614172775964,1,0.5034976
2025-07-07 00:00:00-04:00,ABT,131.02342224121094,-0.0055043404329048,0,0.49313998
2025-07-07 00:00:00-04:00,AES,10.956704139709473,0.0,0,0.44832763
2025-07-07 00:00:00-04:00,ABBV,181.71023559570312,-0.008717183411297,1,0.49803022
2025-07-07 00:00:00-04:00,AOS,66.65729522705078,0.0020612613951729,1,0.5377137
2025-07-07 00:00:00-04:00,MMM,149.8227081298828,-0.0071923787398332,1,0.52867365
2025-07-08 00:00:00-04:00,A,120.277587890625,0.0147590084586937,1,0.5351649
2025-07-08 00:00:00-04:00,ACN,299.2824401855469,0.0092831033132079,0,0.53711146
2025-07-08 00:00:00-04:00,ABBV,183.7826995849609,0.0114053233295503,1,0.52046055
2025-07-08 00:00:00-04:00,AMD,137.82000732421875,0.0224035920184761,1,0.51482505
2025-07-08 00:00:00-04:00,AOS,67.04904174804688,0.0058770239575685,1,0.54320407
2025-07-08 00:00:00-04:00,AFL,101.60707092285156,0.0034991778940025,0,0.5062529
2025-07-08 00:00:00-04:00,MMM,151.69747924804688,0.0125132641210756,1,0.5224052
2025-07-08 00:00:00-04:00,AES,10.528706550598145,-0.0390626217203559,1,0.45554045
2025-07-08 00:00:00-04:00,ABT,130.6902313232422,-0.0025429874465906,0,0.52620727
2025-07-08 00:00:00-04:00,ADBE,382.239990234375,0.0140874901487637,0,0.50297374
2025-07-09 00:00:00-04:00,MMM,153.90769958496094,0.0145699213188641,1,0.5566876
2025-07-09 00:00:00-04:00,AMD,138.41000366210938,0.0042809193624744,1,0.4977861
2025-07-09 00:00:00-04:00,AOS,68.06761932373047,0.0151915306934757,1,0.4862953
2025-07-09 00:00:00-04:00,A,120.56583404541016,0.0023965076107717,1,0.5260875
2025-07-09 00:00:00-04:00,ABBV,184.6058807373047,0.004479100340798,1,0.5059034
2025-07-09 00:00:00-04:00,ABT,130.55303955078125,-0.0010497477207888,1,0.50749445
2025-07-09 00:00:00-04:00,ADBE,373.3800048828125,-0.0231791167275038,0,0.4862531
2025-07-09 00:00:00-04:00,AFL,100.29811096191406,-0.012882567611179,1,0.5034976
2025-07-09 00:00:00-04:00,AES,12.611621856689451,0.1978320220134708,0,0.4624268
2025-07-09 00:00:00-04:00,ACN,293.4315795898437,-0.0195496287455949,0,0.522164
2025-07-10 00:00:00-04:00,AOS,69.01762390136719,0.0139567769091275,0,0.50173783
2025-07-10 00:00:00-04:00,AFL,100.66226196289062,0.0036306865352113,0,0.5062529
2025-07-10 00:00:00-04:00,ABT,130.92543029785156,0.002852409628697,0,0.50199234
2025-07-10 00:00:00-04:00,MMM,155.22991943359375,0.0085909922128548,0,0.53210044
2025-07-10 00:00:00-04:00,A,123.41845703125,0.0236602932200959,0,0.486012
2025-07-10 00:00:00-04:00,ABBV,188.8477020263672,0.0229777148600083,0,0.53317827
2025-07-10 00:00:00-04:00,ADBE,371.4299926757813,-0.0052225940905518,0,0.49447593
2025-07-10 00:00:00-04:00,ACN,285.9351501464844,-0.0255474528468877,0,0.50584763
2025-07-10 00:00:00-04:00,AES,11.803184509277344,-0.0641025679804454,1,0.6434697
2025-07-10 00:00:00-04:00,AMD,144.16000366210938,0.0415432399961281,1,0.54431283
2025-07-11 00:00:00-04:00,AOS,67.6562728881836,-0.0197246867717308,0,0.48271114
2025-07-11 00:00:00-04:00,ADBE,363.3500061035156,-0.0217537267630367,1,0.48661184
2025-07-11 00:00:00-04:00,ABBV,186.378158569336,-0.0130769049902784,0,0.48552933
2025-07-11 00:00:00-04:00,ACN,278.6965637207031,-0.0253154829760277,0,0.48606163
2025-07-11 00:00:00-04:00,AMD,146.4199981689453,0.0156769870243138,0,0.5337852
2025-07-11 00:00:00-04:00,MMM,153.76956176757812,-0.0094077074274354,1,0.5409211
2025-07-11 00:00:00-04:00,AFL,99.96349334716795,-0.0069417138269779,1,0.51797587
2025-07-11 00:00:00-04:00,ABT,129.37705993652344,-0.0118263530454368,1,0.51835597
2025-07-11 00:00:00-04:00,AES,11.974383354187012,0.0145044623148189,0,0.5263467
2025-07-11 00:00:00-04:00,A,122.53384399414062,-0.0071675911236306,0,0.5618574
2025-07-14 00:00:00-04:00,AMD,146.24000549316406,-0.0012292902474535,1,0.47779703
2025-07-14 00:00:00-04:00,AES,11.964872360229492,-0.0007942783921472,1,0.44272006
2025-07-14 00:00:00-04:00,AOS,67.43101501464844,-0.0033294455032638,0,0.5431802
2025-07-14 00:00:00-04:00,ADBE,366.989990234375,0.0100178452448473,0,0.50494903
2025-07-14 00:00:00-04:00,AFL,101.04608917236328,0.010829911890289,0,0.52189916
2025-07-14 00:00:00-04:00,ABBV,185.4774932861328,-0.0048324615401116,0,0.5014429
2025-07-14 00:00:00-04:00,ACN,277.63555908203125,-0.0038070244731656,0,0.5335026
2025-07-14 00:00:00-04:00,ABT,129.38685607910156,7.571777085457754e-05,1,0.52620727
2025-07-14 00:00:00-04:00,MMM,155.81207275390625,0.0132829343001923,0,0.5059462
2025-07-14 00:00:00-04:00,A,119.35321044921876,-0.0259571840827417,0,0.5617513
2025-07-15 00:00:00-04:00,A,112.25643157958984,-0.0594603098058127,1,0.5336285
2025-07-15 00:00:00-04:00,ADBE,364.1799926757813,-0.0076568779350061,0,0.49250078
2025-07-15 00:00:00-04:00,AMD,155.61000061035156,0.06407272131582,1,0.42252243
2025-07-15 00:00:00-04:00,AFL,99.0285186767578,-0.019966834066818,1,0.51011515
2025-07-15 00:00:00-04:00,AES,12.49748992919922,0.044515106633324,0,0.5495896
2025-07-15 00:00:00-04:00,ACN,273.74853515625,-0.0140004541876164,1,0.51104856
2025-07-15 00:00:00-04:00,ABT,129.4360809326172,0.000380447094916,1,0.50719345
2025-07-15 00:00:00-04:00,ABBV,182.0684051513672,-0.0183800636636084,1,0.48634663
2025-07-15 00:00:00-04:00,MMM,154.5095977783203,-0.0083592686533545,1,0.52867365
2025-07-15 00:00:00-04:00,AOS,65.85419464111328,-0.0233842004779643,1,0.50702953
2025-07-16 00:00:00-04:00,A,112.74346160888672,0.0043385490028833,1,0.54889524
2025-07-16 00:00:00-04:00,AFL,99.8355484008789,0.0081494677988203,0,0.5343674
2025-07-16 00:00:00-04:00,ACN,277.3182678222656,0.0130401891063201,1,0.54059756
2025-07-16 00:00:00-04:00,ABT,129.6821746826172,0.0019012762764976,0,0.5060636
2025-07-16 00:00:00-04:00,ABBV,186.1612701416016,0.0224798200809839,1,0.5276084
2025-07-16 00:00:00-04:00,MMM,155.46670532226562,0.0061944860235705,1,0.5276572
2025-07-16 00:00:00-04:00,AMD,160.0800018310547,0.0287256680365681,1,0.49519587
2025-07-16 00:00:00-04:00,ADBE,361.7699890136719,-0.0066176168668743,1,0.48683968
2025-07-16 00:00:00-04:00,AES,12.383358001708984,-0.0091323880344625,1,0.35505015
2025-07-16 00:00:00-04:00,AOS,66.64750671386719,0.012046492665763,1,0.53611314
2025-07-17 00:00:00-04:00,A,115.65572357177734,0.0258308723302591,0,0.46133417
2025-07-17 00:00:00-04:00,ABBV,186.96224975585932,0.0043026114596687,0,0.5059034
2025-07-17 00:00:00-04:00,ACN,280.3227844238281,0.0108341820578805,0,0.54059756
2025-07-17 00:00:00-04:00,ADBE,366.4500122070313,0.0129364605563855,0,0.50297374
2025-07-17 00:00:00-04:00,MMM,156.9270477294922,0.0093932807297834,0,0.5059462
2025-07-17 00:00:00-04:00,AMD,160.41000366210938,0.0020614806801599,0,0.5024145
2025-07-17 00:00:00-04:00,AFL,99.81585693359376,-0.0001972390355995,1,0.51797587
2025-07-17 00:00:00-04:00,AOS,69.29185485839844,0.0396766252019604,0,0.5109977
2025-07-17 00:00:00-04:00,AES,12.545044898986816,0.0130567893826147,1,0.39999488
2025-07-17 00:00:00-04:00,ABT,118.6275863647461,-0.0852436994130148,1,0.54018825
2025-07-18 00:00:00-04:00,A,113.30006408691406,-0.0203678591263262,0,0.5465523
2025-07-18 00:00:00-04:00,ABBV,184.8718719482422,-0.0111807480405634,0,0.5642059
2025-07-18 00:00:00-04:00,AMD,156.99000549316406,-0.02132035465911,1,0.5724404
2025-07-18 00:00:00-04:00,AOS,68.85113525390625,-0.006360337811606,0,0.5265409
2025-07-18 00:00:00-04:00,ABT,121.73822021484376,0.0262218421989415,1,0.5423464
2025-07-18 00:00:00-04:00,ADBE,365.7900085449219,-0.0018010741987274,1,0.5097948
2025-07-18 00:00:00-04:00,AES,12.716243743896484,0.01364673034558,1,0.3902101
2025-07-18 00:00:00-04:00,AFL,100.21937561035156,0.0040426309922505,0,0.51598287
2025-07-18 00:00:00-04:00,ACN,280.0649719238281,-0.0009196986985195,1,0.53037447
2025-07-18 00:00:00-04:00,MMM,151.19424438476562,-0.0365316459314818,0,0.51171464
2025-07-21 00:00:00-04:00,ABT,122.47650909423828,0.0060645611385774,1,0.50457835
2025-07-21 00:00:00-04:00,MMM,150.78970336914062,-0.0026756376690868,0,0.49838233
2025-07-21 00:00:00-04:00,A,111.36187744140624,-0.0171066685718819,1,0.5465523
2025-07-21 00:00:00-04:00,AFL,99.52061462402344,-0.0069723143062163,1,0.5214777
2025-07-21 00:00:00-04:00,AMD,157.0,6.366333197171947e-05,0,0.528882
2025-07-21 00:00:00-04:00,AES,13.02059555053711,0.0239340966381449,1,0.39542326
2025-07-21 00:00:00-04:00,ADBE,367.6799926757813,0.0051668555365347,1,0.5231704
2025-07-21 00:00:00-04:00,ACN,280.07489013671875,3.541397134565472e-05,1,0.5366915
2025-07-21 00:00:00-04:00,AOS,67.64647674560547,-0.0174965671060948,1,0.5193116
2025-07-21 00:00:00-04:00,ABBV,180.5641326904297,-0.02330121511951,1,0.48634663
2025-07-22 00:00:00-04:00,ACN,284.54693603515625,0.0159673217983036,0,0.5290304
2025-07-22 00:00:00-04:00,A,115.48676300048828,0.0370403737244138,1,0.47711867
2025-07-22 00:00:00-04:00,AFL,101.07561492919922,0.0156249065688589,1,0.54429734
2025-07-22 00:00:00-04:00,AES,13.134729385375977,0.0087656385912515,1,0.43310428
2025-07-22 00:00:00-04:00,AMD,154.72000122070312,-0.0145222852184514,1,0.6033948
2025-07-22 00:00:00-04:00,AOS,69.6346435546875,0.0293905448551123,1,0.53783554
2025-07-22 00:00:00-04:00,ABT,123.76605224609376,0.0105289019208023,1,0.5397721
2025-07-22 00:00:00-04:00,ABBV,182.771728515625,0.0122261037798694,1,0.52046055
2025-07-22 00:00:00-04:00,ADBE,372.8699951171875,0.0141155421692544,0,0.50297374
2025-07-22 00:00:00-04:00,MMM,149.19122314453125,-0.0106007253074582,0,0.5018111
2025-07-23 00:00:00-04:00,A,118.74691009521484,0.0282296170576084,1,0.49603245
2025-07-23 00:00:00-04:00,AOS,69.90886688232422,0.0039380301763354,1,0.46551788
2025-07-23 00:00:00-04:00,MMM,148.81626892089844,-0.0025132458580996,0,0.50461
2025-07-23 00:00:00-04:00,AES,13.258371353149414,0.009413362403271,0,0.43310428
2025-07-23 00:00:00-04:00,ABBV,186.1319580078125,0.0183848427734283,1,0.49011293
2025-07-23 00:00:00-04:00,ACN,283.6347045898437,-0.0032059085155633,0,0.5335026
2025-07-23 00:00:00-04:00,ABT,123.86448669433594,0.0007953267188844,0,0.5117253
2025-07-23 00:00:00-04:00,ADBE,372.4599914550781,-0.0010995887775322,0,0.52673197
2025-07-23 00:00:00-04:00,AMD,158.64999389648438,0.0254006763493701,1,0.5008397
2025-07-23 00:00:00-04:00,AFL,101.26261138916016,0.0018500650240111,0,0.5249687
2025-07-24 00:00:00-04:00,ACN,279.3410949707031,-0.0151378147654724,1,0.5200115
2025-07-24 00:00:00-04:00,A,119.62158203125,0.0073658500699833,0,0.5537319
2025-07-24 00:00:00-04:00,ABBV,186.4054718017578,0.0014694617564483,0,0.49230412
2025-07-24 00:00:00-04:00,AOS,72.41609954833984,0.0358643013086734,0,0.53206736
2025-07-24 00:00:00-04:00,MMM,147.31646728515625,-0.0100782101756589,1,0.5018111
2025-07-24 00:00:00-04:00,ABT,123.67745208740234,-0.0015099937998785,1,0.51156443
2025-07-24 00:00:00-04:00,AMD,162.1199951171875,0.021872053918686,1,0.49596635
2025-07-24 00:00:00-04:00,AES,13.12521743774414,-0.0100430069318916,0,0.39444187
2025-07-24 00:00:00-04:00,ADBE,371.6900024414063,-0.0020673066405434,0,0.52353543
2025-07-24 00:00:00-04:00,AFL,100.8295669555664,-0.0042764493987769,1,0.51797587
2025-07-25 00:00:00-04:00,AOS,70.5748519897461,-0.0254259421603433,0,0.50702953
2025-07-25 00:00:00-04:00,ABBV,185.86822509765625,-0.002882140201726,0,0.47365072
2025-07-25 00:00:00-04:00,MMM,149.26028442382812,0.0131948394805672,1,0.50551635
2025-07-25 00:00:00-04:00,AMD,166.47000122070312,0.0268320147701166,1,0.50462526
2025-07-25 00:00:00-04:00,ABT,124.56339263916016,0.0071633150328138,0,0.5211471
2025-07-25 00:00:00-04:00,ACN,280.7689819335937,0.0051116251371474,0,0.560601
2025-07-25 00:00:00-04:00,AES,13.12521743774414,0.0,0,0.39443877
2025-07-25 00:00:00-04:00,AFL,101.73502349853516,0.0089800697385495,0,0.51568025
2025-07-25 00:00:00-04:00,ADBE,370.739990234375,-0.0025559261771671,0,0.48227188
2025-07-25 00:00:00-04:00,A,119.45260620117188,-0.0014125864848868,0,0.5498445
2025-07-28 00:00:00-04:00,ACN,274.7103576660156,-0.0215786808993417,1,0.5161415
2025-07-28 00:00:00-04:00,ADBE,369.4700012207031,-0.003425551726613,1,0.50428146
2025-07-28 00:00:00-04:00,AMD,173.66000366210938,0.0431909796881293,1,0.54539883
2025-07-28 00:00:00-04:00,A,118.81648254394533,-0.0053253225480509,1,0.56831694
2025-07-28 00:00:00-04:00,MMM,150.0299072265625,0.0051562463900243,0,0.54434925
2025-07-28 00:00:00-04:00,AFL,99.28439331054688,-0.0240883631193495,0,0.5046459
2025-07-28 00:00:00-04:00,ABBV,184.14903259277344,-0.0092495234404887,1,0.4970835
2025-07-28 00:00:00-04:00,AES,12.849398612976074,-0.0210144194621031,0,0.37934953
2025-07-28 00:00:00-04:00,ABT,124.3763656616211,-0.0015014602089463,1,0.51722324
2025-07-28 00:00:00-04:00,AOS,69.56608581542969,-0.0142935641503431,1,0.31512338
2025-07-29 00:00:00-04:00,ABBV,186.78643798828125,0.0143221246311957,0,0.5017357
2025-07-29 00:00:00-04:00,A,119.11466217041016,0.0025095813314834,0,0.5629091
2025-07-29 00:00:00-04:00,ADBE,370.7000122070313,0.0033291227495177,0,0.5197965
2025-07-29 00:00:00-04:00,MMM,149.77337646484375,-0.0017098641628255,0,0.50461
2025-07-29 00:00:00-04:00,AMD,177.44000244140625,0.0217666630173036,1,0.4792655
2025-07-29 00:00:00-04:00,AFL,99.22535705566406,-0.0005946176726704,0,0.4974004
2025-07-29 00:00:00-04:00,ABT,126.01042175292967,0.0131379951698717,1,0.51764506
2025-07-29 00:00:00-04:00,ACN,276.5547180175781,0.0067138362282095,0,0.54059756
2025-07-29 00:00:00-04:00,AOS,70.16351318359375,0.0085879112093374,0,0.5163175
2025-07-29 00:00:00-04:00,AES,12.773309707641602,-0.0059215927240076,0,0.40495348
2025-07-30 00:00:00-04:00,AOS,69.37020874023438,-0.011306509713725,1,0.49197647
2025-07-30 00:00:00-04:00,ABT,126.54200744628906,0.004218585145296,0,0.5082194
2025-07-30 00:00:00-04:00,A,117.33550262451172,-0.0149365284968285,0,0.5465523
2025-07-30 00:00:00-04:00,AMD,179.50999450683594,0.0116658703615224,0,0.5159887
2025-07-30 00:00:00-04:00,ADBE,364.0,-0.0180739465508553,0,0.49839
2025-07-30 00:00:00-04:00,MMM,144.67205810546875,-0.0340602480880334,1,0.42993122
2025-07-30 00:00:00-04:00,ACN,271.6959228515625,-0.017569019255375,0,0.52566326
2025-07-30 00:00:00-04:00,ABBV,184.9207000732422,-0.0099886155286933,0,0.49803022
2025-07-30 00:00:00-04:00,AFL,97.0306167602539,-0.0221187442457772,1,0.51362044
2025-07-30 00:00:00-04:00,AES,12.440423011779783,-0.0260611152067087,1,0.4803734
2025-07-31 00:00:00-04:00,ACN,264.8539428710937,-0.0251824904424746,0,0.5093541
2025-07-31 00:00:00-04:00,ABT,124.2188720703125,-0.0183586100999908,1,0.47506788
2025-07-31 00:00:00-04:00,AES,12.507000923156738,0.00535174015497,1,0.51427937
2025-07-31 00:00:00-04:00,AFL,97.78843688964844,0.0078101134950732,0,0.52189916
2025-07-31 00:00:00-04:00,ADBE,357.69000244140625,-0.0173351581280047,0,0.49839
2025-07-31 00:00:00-04:00,MMM,147.23751831054688,0.0177329350164345,0,0.5036275
2025-07-31 00:00:00-04:00,AOS,69.66544342041016,0.0042559289576498,0,0.50375414
2025-07-31 00:00:00-04:00,AMD,176.30999755859375,-0.0178262884862397,0,0.5530378
2025-07-31 00:00:00-04:00,A,114.11510467529295,-0.0274460660003685,0,0.54627526
2025-07-31 00:00:00-04:00,ABBV,184.637435913086,-0.0015318142319601,1,0.5133345
2025-08-01 00:00:00-04:00,AFL,96.53853607177734,-0.0127816831685485,1,0.51362044
2025-08-01 00:00:00-04:00,ADBE,347.79998779296875,-0.0276496815145332,0,0.48492596
2025-08-01 00:00:00-04:00,A,112.81304168701172,-0.0114100845106015,1,0.548221
2025-08-01 00:00:00-04:00,AES,12.753785133361816,0.0197316856152265,1,0.49163085
2025-08-01 00:00:00-04:00,ABBV,190.69369506835932,0.0328008192126554,1,0.51952314
2025-08-01 00:00:00-04:00,AMD,171.6999969482422,-0.0261471310429772,1,0.56443554
2025-08-01 00:00:00-04:00,MMM,142.49142456054688,-0.0322342688498032,1,0.461815
2025-08-01 00:00:00-04:00,AOS,69.29147338867188,-0.0053680851420335,0,0.5001898
2025-08-01 00:00:00-04:00,ACN,253.2225799560547,-0.0439161403034127,1,0.43745393
2025-08-01 00:00:00-04:00,ABT,125.30167388916016,0.0087168865793174,1,0.51764506
2025-08-04 00:00:00-04:00,ACN,256.6039123535156,0.0133532025384455,0,0.54059756
2025-08-04 00:00:00-04:00,ABBV,192.61801147460932,0.0100911380712414,1,0.5186307
2025-08-04 00:00:00-04:00,AES,12.946587562561035,0.0151172712401181,0,0.4849269
2025-08-04 00:00:00-04:00,AMD,176.77999877929688,0.029586499250702,0,0.50864905
2025-08-04 00:00:00-04:00,ABT,127.9004364013672,0.020740046254337,1,0.5091411
2025-08-04 00:00:00-04:00,A,114.1449203491211,0.0118060699560298,1,0.5520669
2025-08-04 00:00:00-04:00,AFL,97.0010986328125,0.0047914809966793,1,0.54202706
2025-08-04 00:00:00-04:00,ADBE,338.8500061035156,-0.0257331282449058,0,0.48105532
2025-08-04 00:00:00-04:00,AOS,69.22258758544922,-0.0009941454533122,0,0.5184639
2025-08-04 00:00:00-04:00,MMM,145.9054412841797,0.0239594539402063,1,0.52752435
2025-08-05 00:00:00-04:00,MMM,148.09596252441406,0.0150132936849689,1,0.5260988
2025-08-05 00:00:00-04:00,A,114.1946258544922,0.0004354596351645,0,0.5845646
2025-08-05 00:00:00-04:00,AMD,174.30999755859375,-0.0139721757990666,0,0.5553173
2025-08-05 00:00:00-04:00,AES,12.271783828735352,-0.052122131068505,1,0.40542594
2025-08-05 00:00:00-04:00,ADBE,338.739990234375,-0.0003246742427592,1,0.51014525
2025-08-05 00:00:00-04:00,ABBV,193.9464874267578,0.0068969456281795,0,0.5349833
2025-08-05 00:00:00-04:00,ACN,244.9923858642578,-0.0452507772884653,1,0.34135467
2025-08-05 00:00:00-04:00,AOS,69.2029037475586,-0.0002843557078291,1,0.5184639
2025-08-05 00:00:00-04:00,AFL,97.35540008544922,0.003652550926025,1,0.5124784
2025-08-05 00:00:00-04:00,ABT,128.64857482910156,0.0058493813530597,1,0.5231019
2025-08-06 00:00:00-04:00,A,112.544677734375,-0.0144485618983469,1,0.548221
2025-08-06 00:00:00-04:00,ACN,245.4584197998047,0.001902238446729,0,0.5775145
2025-08-06 00:00:00-04:00,AMD,163.1199951171875,-0.0641959875975832,1,0.43917274
2025-08-06 00:00:00-04:00,AFL,100.69178009033205,0.0342701072765811,0,0.50774604
2025-08-06 00:00:00-04:00,AOS,69.4390869140625,0.0034129083277409,1,0.49473152
2025-08-06 00:00:00-04:00,ADBE,345.6199951171875,0.0203105776736081,0,0.4860348
2025-08-06 00:00:00-04:00,ABBV,191.7486572265625,-0.0113321474874624,1,0.510879
2025-08-06 00:00:00-04:00,MMM,148.81626892089844,0.0048637814576857,1,0.5250343
2025-08-06 00:00:00-04:00,ABT,128.8848114013672,0.0018362937372562,1,0.5019979
2025-08-06 00:00:00-04:00,AES,12.377824783325195,0.008641038342082,1,0.42364177
2025-08-07 00:00:00-04:00,ACN,239.6873779296875,-0.0235112809526926,0,0.5326534
2025-08-07 00:00:00-04:00,AOS,69.49813842773438,0.0008504074044775,1,0.49473152
2025-08-07 00:00:00-04:00,ABBV,194.2492828369141,0.0130411636071952,0,0.5186307
2025-08-07 00:00:00-04:00,ADBE,338.2699890136719,-0.0212661483923217,1,0.50608575
2025-08-07 00:00:00-04:00,ABT,129.99716186523438,0.0086305783573144,1,0.5114281
2025-08-07 00:00:00-04:00,AMD,172.39999389648438,0.0568906268825597,1,0.43300837
2025-08-07 00:00:00-04:00,MMM,149.7240447998047,0.0060999774116683,1,0.5172036
2025-08-07 00:00:00-04:00,AES,12.38746452331543,0.0007787911170968,1,0.3893085
2025-08-07 00:00:00-04:00,A,113.29013061523438,0.0066236173568223,1,0.5537319
2025-08-07 00:00:00-04:00,AFL,100.66226196289062,-0.0002931532982626,1,0.5117536
2025-08-08 00:00:00-04:00,AFL,101.88264465332033,0.0121235373280166,1,0.5338718
2025-08-08 00:00:00-04:00,MMM,151.2633056640625,0.0102806524250393,1,0.50551635
2025-08-08 00:00:00-04:00,ADBE,341.04998779296875,0.0082182838253042,0,0.5033777
2025-08-08 00:00:00-04:00,ABBV,193.45806884765625,-0.0040731887279198,1,0.4950315
2025-08-08 00:00:00-04:00,AES,12.647745132446287,0.0210116128801791,0,0.39127642
2025-08-08 00:00:00-04:00,AOS,69.70480346679688,0.0029736773349318,0,0.5129668
2025-08-08 00:00:00-04:00,A,113.92626953125,0.0056151309258891,0,0.57012194
2025-08-08 00:00:00-04:00,ACN,237.1885528564453,-0.0104253511170505,0,0.5610097
2025-08-08 00:00:00-04:00,ABT,132.1824951171875,0.0168106227905084,0,0.50894773
2025-08-08 00:00:00-04:00,AMD,172.75999450683594,0.0020881706676145,0,0.52558595
2025-08-11 00:00:00-04:00,ABBV,194.03439331054688,0.0029790665559907,0,0.5029691
2025-08-11 00:00:00-04:00,ADBE,333.6499938964844,-0.0216976811650744,1,0.5208739
2025-08-11 00:00:00-04:00,A,113.43922424316406,-0.0042750920405792,1,0.55600244
2025-08-11 00:00:00-04:00,AMD,172.27999877929688,-0.0027783962884999,1,0.51150304
2025-08-11 00:00:00-04:00,ACN,236.60353088378903,-0.0024664848518652,0,0.5303826
2025-08-11 00:00:00-04:00,ABT,129.30812072753906,-0.0217454995618,0,0.568014
2025-08-11 00:00:00-04:00,AES,12.339263916015623,-0.0243902144769894,1,0.39366785
2025-08-11 00:00:00-04:00,MMM,153.24659729003906,0.0131115184695302,1,0.5092371
2025-08-11 00:00:00-04:00,AFL,102.5223617553711,0.0062789605062525,0,0.508642
2025-08-11 00:00:00-04:00,AOS,69.40956115722656,-0.0042356092390526,1,0.5002339
2025-08-12 00:00:00-04:00,AFL,101.91217041015624,-0.0059517878321105,1,0.51703024
2025-08-12 00:00:00-04:00,ABT,128.97341918945312,-0.0025884030809726,0,0.5243793
2025-08-12 00:00:00-04:00,A,116.6099090576172,0.0279505156669317,1,0.4835298
2025-08-12 00:00:00-04:00,AMD,174.9499969482422,0.0154980159499871,1,0.5595443
2025-08-12 00:00:00-04:00,AOS,70.19686126708984,0.0113428192994893,1,0.50729984
2025-08-12 00:00:00-04:00,AES,12.445304870605469,0.0085937828473066,1,0.4031534
2025-08-12 00:00:00-04:00,ADBE,338.42999267578125,0.0143263865330083,1,0.5084737
2025-08-12 00:00:00-04:00,MMM,155.75286865234375,0.0163544992621353,1,0.47084567
2025-08-12 00:00:00-04:00,ABBV,194.03439331054688,0.0,1,0.51470554
2025-08-12 00:00:00-04:00,ACN,235.86973571777344,-0.0031013703103864,1,0.5303826
2025-08-13 00:00:00-04:00,AMD,184.4199981689453,0.0541297592791885,0,0.52795213
2025-08-13 00:00:00-04:00,ABBV,196.7987670898437,0.0142468236281829,1,0.5123987
2025-08-13 00:00:00-04:00,AOS,72.47016143798828,0.0323846412768917,0,0.4993616
2025-08-13 00:00:00-04:00,ACN,243.6140594482422,0.0328330538333037,1,0.5657062
2025-08-13 00:00:00-04:00,ABT,127.37871551513672,-0.0123645917456363,0,0.5237563
2025-08-13 00:00:00-04:00,ADBE,351.07000732421875,0.0373489788789103,0,0.52219576
2025-08-13 00:00:00-04:00,AFL,104.02816009521484,0.0207628752929369,0,0.5197503
2025-08-13 00:00:00-04:00,MMM,158.07162475585938,0.0148874054364374,0,0.5470682
2025-08-13 00:00:00-04:00,AES,12.580265045166016,0.0108442642397061,0,0.41147405
2025-08-13 00:00:00-04:00,A,119.56194305419922,0.0253154643583797,0,0.48540366
2025-08-14 00:00:00-04:00,ADBE,348.5799865722656,-0.0070926615774772,1,0.5108772
2025-08-14 00:00:00-04:00,ABT,127.2605972290039,-0.0009273000254016,1,0.5210827
2025-08-14 00:00:00-04:00,ACN,244.0900421142578,0.0019538390645172,1,0.49160776
2025-08-14 00:00:00-04:00,A,118.15054321289062,-0.0118047583140128,1,0.5605808
2025-08-14 00:00:00-04:00,AOS,71.36795043945312,-0.0152091699075115,0,0.49197647
2025-08-14 00:00:00-04:00,ABBV,199.934326171875,0.0159328187284821,1,0.52843493
2025-08-14 00:00:00-04:00,AFL,103.6344985961914,-0.0037841820778443,1,0.5207668
2025-08-14 00:00:00-04:00,AMD,180.9499969482422,-0.0188157534711842,0,0.510879
2025-08-14 00:00:00-04:00,AES,12.474224090576172,-0.0084291510718679,1,0.40316936
2025-08-14 00:00:00-04:00,MMM,154.5688018798828,-0.022159719566283,0,0.5074849
2025-08-15 00:00:00-04:00,AES,12.830906867980955,0.0285935842433875,1,0.4149744
2025-08-15 00:00:00-04:00,ADBE,354.8500061035156,0.0179873193320871,1,0.5083638
2025-08-15 00:00:00-04:00,ACN,244.9328765869141,0.0034529654112711,1,0.5217026
2025-08-15 00:00:00-04:00,MMM,150.36538696289062,-0.0271944588162021,1,0.4846584
2025-08-15 00:00:00-04:00,AOS,71.06287384033203,-0.0042747002995401,0,0.5184639
2025-08-15 00:00:00-04:00,A,118.4785385131836,0.0027760794946323,0,0.5443908
2025-08-15 00:00:00-04:00,ABBV,201.8977508544922,0.0098203481123562,0,0.51221085
2025-08-15 00:00:00-04:00,ABT,129.6920166015625,0.0191058302844775,0,0.54214776
2025-08-15 00:00:00-04:00,AMD,177.50999450683594,-0.0190107902703651,0,0.48634663
2025-08-15 00:00:00-04:00,AFL,103.71322631835938,0.0007596671304863,1,0.5260875
2025-08-18 00:00:00-04:00,ABBV,201.78054809570312,-0.0005805055197148,0,0.50828296
2025-08-18 00:00:00-04:00,AES,12.879106521606444,0.0037565274318815,0,0.38340253
2025-08-18 00:00:00-04:00,ABT,128.23513793945312,-0.0112333719552312,1,0.5232464
2025-08-18 00:00:00-04:00,MMM,150.8291473388672,0.0030842229408223,1,0.49608448
2025-08-18 00:00:00-04:00,AFL,104.08722686767578,0.0036061027372571,1,0.5260875
2025-08-18 00:00:00-04:00,ADBE,357.239990234375,0.0067351954058081,1,0.519978
2025-08-18 00:00:00-04:00,AMD,176.13999938964844,-0.0077178477808738,0,0.4970835
2025-08-18 00:00:00-04:00,AOS,71.00383758544922,-0.0008307608698102,1,0.50925577
2025-08-18 00:00:00-04:00,A,117.43489074707033,-0.0088087494934547,1,0.5655681
2025-08-18 00:00:00-04:00,ACN,247.0350646972656,0.0085827110661707,1,0.5311082
2025-08-19 00:00:00-04:00,ADBE,361.0299987792969,0.0106091385301947,0,0.5324514
2025-08-19 00:00:00-04:00,A,119.38302612304688,0.0165890678961198,0,0.54901373
2025-08-19 00:00:00-04:00,MMM,152.28948974609375,0.0096820968161122,1,0.47331932
2025-08-19 00:00:00-04:00,AOS,71.66319274902344,0.0092861905214731,0,0.52713174
2025-08-19 00:00:00-04:00,AMD,166.5500030517578,-0.0544453069780935,0,0.4457038
2025-08-19 00:00:00-04:00,AFL,105.1993408203125,0.0106844421366949,1,0.51400346
2025-08-19 00:00:00-04:00,ABT,129.19981384277344,0.0075227111603044,1,0.5078577
2025-08-19 00:00:00-04:00,ABBV,201.40936279296875,-0.0018395494820359,1,0.50507885
2025-08-19 00:00:00-04:00,ACN,253.72830200195312,0.0270942803722618,0,0.5447641
2025-08-19 00:00:00-04:00,AES,12.821266174316406,-0.0044910217329907,0,0.30675554
2025-08-20 00:00:00-04:00,ABBV,204.3007049560547,0.0143555499257399,1,0.51221085
2025-08-20 00:00:00-04:00,AOS,70.7085952758789,-0.0133206104350903,0,0.31512338
2025-08-20 00:00:00-04:00,ADBE,353.42999267578125,-0.0210508991751724,0,0.51748866
2025-08-20 00:00:00-04:00,ACN,252.90528869628903,-0.0032436795547458,0,0.47576374
2025-08-20 00:00:00-04:00,AFL,106.77274322509766,0.0149563903396754,1,0.53871715
2025-08-20 00:00:00-04:00,AES,12.724865913391112,-0.0075187785367411,0,0.40495348
2025-08-20 00:00:00-04:00,MMM,152.6940460205078,0.0026564950417036,0,0.5096834
2025-08-20 00:00:00-04:00,A,118.38908386230467,-0.0083256581192519,0,0.5493993
2025-08-20 00:00:00-04:00,ABT,130.37124633789062,0.0090668280415846,0,0.52829796
2025-08-20 00:00:00-04:00,AMD,165.1999969482422,-0.0081057104700027,0,0.49803022
2025-08-21 00:00:00-04:00,AOS,70.61018371582031,-0.0013917906256605,1,0.5184639
2025-08-21 00:00:00-04:00,MMM,152.32896423339844,-0.0023909366253896,1,0.5152812
2025-08-21 00:00:00-04:00,AFL,107.05970764160156,0.0026876186546873,1,0.4683061
2025-08-21 00:00:00-04:00,ACN,251.8542022705078,-0.0041560476303185,1,0.4695546
2025-08-21 00:00:00-04:00,ABBV,204.64259338378903,0.0016734569164011,1,0.50278103
2025-08-21 00:00:00-04:00,AES,12.503145217895508,-0.0174242068250223,1,0.37874424
2025-08-21 00:00:00-04:00,A,116.44094848632812,-0.0164553632177978,1,0.568805
2025-08-21 00:00:00-04:00,ADBE,353.42999267578125,0.0,1,0.50983
2025-08-21 00:00:00-04:00,ABT,129.93809509277344,-0.0033224446132437,1,0.5407095
2025-08-21 00:00:00-04:00,AMD,163.7100067138672,-0.0090193115127104,1,0.49803022
2025-08-22 00:00:00-04:00,AMD,167.75999450683594,0.0247387919300945,0,0.520253
2025-08-22 00:00:00-04:00,AES,13.004426956176758,0.0400924511029252,0,0.53873163
2025-08-22 00:00:00-04:00,AFL,107.32688903808594,0.002495629797335,0,0.4683061
2025-08-22 00:00:00-04:00,ABT,130.51889038085938,0.0044697845360228,0,0.5155875
2025-08-22 00:00:00-04:00,ABBV,205.7170867919922,0.0052505853763689,0,0.5323812
2025-08-22 00:00:00-04:00,MMM,156.61131286621094,0.0281125041082213,0,0.5288724
2025-08-22 00:00:00-04:00,ACN,257.04022216796875,0.0205913574230967,0,0.47868827
2025-08-22 00:00:00-04:00,A,120.89383697509766,0.0382416026892151,0,0.5100445
2025-08-22 00:00:00-04:00,ADBE,362.0899963378906,0.0245027412544855,1,0.54512906
2025-08-22 00:00:00-04:00,AOS,72.44063568115234,0.0259233423425,0,0.5258574
2025-08-25 00:00:00-04:00,A,118.42884826660156,-0.0203896970281772,0,0.568805
2025-08-25 00:00:00-04:00,AMD,163.36000061035156,-0.0262279091592667,1,0.4874942
2025-08-25 00:00:00-04:00,AES,13.004426956176758,0.0,0,0.5316648
2025-08-25 00:00:00-04:00,ABT,129.81011962890625,-0.0054304074290312,0,0.49842793
2025-08-25 00:00:00-04:00,ACN,253.8968505859375,-0.0122291038947871,0,0.48552933
2025-08-25 00:00:00-04:00,AFL,106.25816345214844,-0.0099576685350327,1,0.5635629
2025-08-25 00:00:00-04:00,AOS,71.38763427734375,-0.0145360596840063,0,0.51420224
2025-08-25 00:00:00-04:00,ADBE,363.2099914550781,0.0030931401820402,0,0.5212195
2025-08-25 00:00:00-04:00,MMM,154.489990234375,-0.0135451430232765,1,0.48930776
2025-08-25 00:00:00-04:00,ABBV,202.73780822753903,-0.0144824069352372,1,0.5532237
2025-08-26 00:00:00-04:00,AOS,71.23017120361328,-0.0022057471903147,1,0.5184639
2025-08-26 00:00:00-04:00,AFL,107.03002166748048,0.007263989798578,0,0.51400346
2025-08-26 00:00:00-04:00,MMM,155.20370483398438,0.0046198112805018,0,0.46392456
2025-08-26 00:00:00-04:00,A,117.583984375,-0.0071339365700799,1,0.57930905
2025-08-26 00:00:00-04:00,AMD,166.6199951171875,0.0199558918624866,1,0.47868827
2025-08-26 00:00:00-04:00,ACN,253.2721710205078,-0.0024603675232207,1,0.5082009
2025-08-26 00:00:00-04:00,ABBV,203.52902221679688,0.0039026464583746,0,0.50278103
2025-08-26 00:00:00-04:00,ADBE,354.9100036621094,-0.0228517606570173,1,0.47475547
2025-08-26 00:00:00-04:00,ABT,129.53451538085938,-0.0021231337651853,0,0.50749445
2025-08-26 00:00:00-04:00,AES,12.859827041625977,-0.0111192838437298,1,0.52579844
2025-08-27 00:00:00-04:00,ADBE,356.3500061035156,0.0040573734934143,0,0.53756255
2025-08-27 00:00:00-04:00,AMD,167.1300048828125,0.0030609157398324,1,0.49853125
2025-08-27 00:00:00-04:00,A,117.97162628173828,0.0032967236890188,1,0.5607608
2025-08-27 00:00:00-04:00,ABBV,203.2359619140625,-0.0014398944167393,0,0.5269912
2025-08-27 00:00:00-04:00,ABT,129.40655517578125,-0.0009878464029597,0,0.52620727
2025-08-27 00:00:00-04:00,ACN,254.95787048339844,0.0066556837101305,0,0.5021656
2025-08-27 00:00:00-04:00,AOS,71.26953887939453,0.0005526825938508,0,0.55530345
2025-08-27 00:00:00-04:00,MMM,155.16403198242188,-0.0002556179416266,1,0.51518255
2025-08-27 00:00:00-04:00,AES,12.879106521606444,0.0014992021213084,1,0.5128
2025-08-27 00:00:00-04:00,AFL,106.28785705566406,-0.0069341723028157,0,0.5678088
2025-08-28 00:00:00-04:00,AFL,104.99153900146484,-0.0121962949494816,1,0.58387095
2025-08-28 00:00:00-04:00,AES,12.994787216186523,0.0089820434659819,1,0.53708583
2025-08-28 00:00:00-04:00,A,124.20368194580078,0.0528267335162371,1,0.38367343
2025-08-28 00:00:00-04:00,MMM,156.18504333496094,0.006580206375758,0,0.51910746
2025-08-28 00:00:00-04:00,ADBE,353.9599914550781,-0.00670693028624,1,0.5270223
2025-08-28 00:00:00-04:00,ABT,129.3179473876953,-0.0006847241081843,1,0.5137193
2025-08-28 00:00:00-04:00,AOS,70.48225402832031,-0.0110465826418001,0,0.49197647
2025-08-28 00:00:00-04:00,ACN,254.015869140625,-0.0036947333337362,1,0.52379483
2025-08-28 00:00:00-04:00,ABBV,203.0992431640625,-0.0006727094393748,1,0.50828296
2025-08-28 00:00:00-04:00,AMD,168.5800018310547,0.0086758625374234,0,0.4873829
2025-08-29 00:00:00-04:00,AOS,70.1574935913086,-0.0046076908505399,0,0.5002339
2025-08-29 00:00:00-04:00,ABBV,205.521728515625,0.0119275941841183,1,0.51221085
2025-08-29 00:00:00-04:00,A,124.89944458007812,0.0056017875104616,0,0.5929191
2025-08-29 00:00:00-04:00,AMD,162.6300048828125,-0.0352947970317681,0,0.44137326
2025-08-29 00:00:00-04:00,MMM,154.1727752685547,-0.0128838717423834,0,0.4901254
2025-08-29 00:00:00-04:00,ACN,257.7839050292969,0.0148338601892068,0,0.53693366
2025-08-29 00:00:00-04:00,AES,13.052627563476562,0.0044510422777828,0,0.51441836
2025-08-29 00:00:00-04:00,ABT,130.58779907226562,0.0098196090351116,0,0.5353916
2025-08-29 00:00:00-04:00,AFL,105.74359893798828,0.0071630527914534,0,0.54444355
2025-08-29 00:00:00-04:00,ADBE,356.70001220703125,0.007741046497061,0,0.527379
2025-09-02 00:00:00-04:00,MMM,152.92376708984375,-0.0081013536698375,0,0.5018111
2025-09-02 00:00:00-04:00,ADBE,345.6300048828125,-0.0310345022298279,1,0.38318712
2025-09-02 00:00:00-04:00,AFL,104.5165557861328,-0.0116039473233274,1,0.53262687
2025-09-02 00:00:00-04:00,AMD,162.32000732421875,-0.001906152304534,0,0.50811666
2025-09-02 00:00:00-04:00,AES,12.927306175231934,-0.0096012383434044,0,0.58663327
2025-09-02 00:00:00-04:00,A,124.45215606689452,-0.0035811889691537,1,0.5694174
2025-09-02 00:00:00-04:00,ACN,254.015869140625,-0.0146170331628875,0,0.5430833
2025-09-02 00:00:00-04:00,ABT,129.40655517578125,-0.0090455915857092,1,0.5099757
2025-09-02 00:00:00-04:00,ABBV,207.0064697265625,0.0072242542025167,0,0.51221085
2025-09-02 00:00:00-04:00,AOS,69.26194763183594,-0.0127647940887044,1,0.4780256
2025-09-03 00:00:00-04:00,ACN,252.01284790039065,-0.0078854177379188,0,0.5412316
2025-09-03 00:00:00-04:00,AMD,162.1300048828125,-0.0011705423412576,0,0.50515765
2025-09-03 00:00:00-04:00,AES,12.753785133361816,-0.013422830674698,0,0.43247792
2025-09-03 00:00:00-04:00,A,124.46210479736328,7.9940201786588e-05,1,0.5661747
2025-09-03 00:00:00-04:00,AFL,105.6248550415039,0.010604054515908,1,0.5240267
2025-09-03 00:00:00-04:00,ABBV,206.9478759765625,-0.0002830527474692,1,0.50828296
2025-09-03 00:00:00-04:00,ADBE,348.5,0.0083036630982329,0,0.5324514
2025-09-03 00:00:00-04:00,AOS,69.66544342041016,0.0058256488933723,1,0.49786872
2025-09-03 00:00:00-04:00,ABT,130.1152801513672,0.005476731643333,1,0.49941525
2025-09-03 00:00:00-04:00,MMM,150.67356872558594,-0.0147145104196642,1,0.50025034
2025-09-04 00:00:00-04:00,ABT,130.73545837402344,0.0047663750324695,1,0.5483896
2025-09-04 00:00:00-04:00,ABBV,208.0614471435547,0.0053809258091555,0,0.55098253
2025-09-04 00:00:00-04:00,MMM,154.16285705566406,0.0231579324734318,0,0.51780957
2025-09-04 00:00:00-04:00,A,127.7023696899414,0.0260341482883774,1,0.4994413
2025-09-04 00:00:00-04:00,AMD,161.7899932861328,-0.0020971540519316,0,0.49857867
2025-09-04 00:00:00-04:00,AES,12.348904609680176,-0.0317459106804723,1,0.38009062
2025-09-04 00:00:00-04:00,ACN,250.81301879882807,-0.0047609838607785,1,0.4817464
2025-09-04 00:00:00-04:00,AFL,107.41594696044922,0.0169571065280187,0,0.5330139
2025-09-04 00:00:00-04:00,AOS,71.48605346679688,0.0261336174292308,1,0.5037352
2025-09-04 00:00:00-04:00,ADBE,344.3099975585937,-0.0120229625291429,1,0.51748866
2025-09-05 00:00:00-04:00,MMM,153.9447784423828,-0.001414598934181,0,0.51518255
2025-09-05 00:00:00-04:00,AES,12.464584350585938,0.0093676115058076,0,0.4537479
2025-09-05 00:00:00-04:00,ACN,252.80612182617188,0.0079465692685691,1,0.5153311
2025-09-05 00:00:00-04:00,AMD,151.13999938964844,-0.0658260358392461,1,0.52213126
2025-09-05 00:00:00-04:00,ABT,130.86341857910156,0.0009787719924616,0,0.5110135
2025-09-05 00:00:00-04:00,AOS,72.509521484375,0.0143170306366611,1,0.55888313
2025-09-05 00:00:00-04:00,ABBV,207.6316375732422,-0.0020657818938265,0,0.51150304
2025-09-05 00:00:00-04:00,ADBE,348.9700012207031,0.0135343257388755,1,0.49940538
2025-09-05 00:00:00-04:00,AFL,105.8128662109375,-0.0149240480103198,0,0.53262687
2025-09-05 00:00:00-04:00,A,127.97073364257812,0.0021014798181764,0,0.5640128
2025-09-08 00:00:00-04:00,AES,12.262144088745115,-0.0162412364621934,0,0.43960565
2025-09-08 00:00:00-04:00,AMD,151.41000366210938,0.0017864514592516,1,0.47400013
2025-09-08 00:00:00-04:00,A,127.3544921875,-0.0048154873972926,0,0.5324833
2025-09-08 00:00:00-04:00,ACN,253.42091369628903,0.0024318709755766,0,0.5059034
2025-09-08 00:00:00-04:00,ABT,130.13497924804688,-0.005566409153635,0,0.5201554
2025-09-08 00:00:00-04:00,ADBE,358.6600036621094,0.0277674367639351,0,0.51795024
2025-09-08 00:00:00-04:00,ABBV,204.9258575439453,-0.0130316365122459,1,0.510879
2025-09-08 00:00:00-04:00,MMM,152.6561279296875,-0.0083708621086984,0,0.5008643
2025-09-08 00:00:00-04:00,AFL,105.22903442382812,-0.005517587870132,0,0.5026887
2025-09-08 00:00:00-04:00,AOS,72.78507232666016,0.0038002021892329,0,0.5467061
2025-09-09 00:00:00-04:00,AES,12.262144088745115,0.0,1,0.43824872
2025-09-09 00:00:00-04:00,MMM,151.74415588378906,-0.005974028414493,1,0.5036633
2025-09-09 00:00:00-04:00,AFL,105.16966247558594,-0.0005642164120128,1,0.5117536
2025-09-09 00:00:00-04:00,ACN,249.8710174560547,-0.014007905616222,0,0.49296263
2025-09-09 00:00:00-04:00,ABT,129.88888549804688,-0.0018910653493933,0,0.50749445
2025-09-09 00:00:00-04:00,AMD,155.82000732421875,0.0291262370744727,1,0.519439
2025-09-09 00:00:00-04:00,ADBE,354.0599975585937,-0.0128255340895198,0,0.48440915
2025-09-09 00:00:00-04:00,ABBV,205.541259765625,0.0030030481709597,1,0.4601655
2025-09-09 00:00:00-04:00,A,125.4858627319336,-0.0146726622945917,0,0.5489044
2025-09-09 00:00:00-04:00,AOS,70.85620880126953,-0.0265008120996825,1,0.53942347
2025-09-10 00:00:00-04:00,AES,12.271783828735352,0.0007861382088214,1,0.4297321
2025-09-10 00:00:00-04:00,AMD,159.5399932861328,0.0238736092097198,0,0.52402645
2025-09-10 00:00:00-04:00,AFL,106.10973358154295,0.0089386148422341,1,0.5343674
2025-09-10 00:00:00-04:00,ADBE,350.1600036621094,-0.0110150650267654,1,0.51748866
2025-09-10 00:00:00-04:00,AOS,71.33842468261719,0.0068055557798769,1,0.5410805
2025-09-10 00:00:00-04:00,ABBV,206.73297119140625,0.0057979182726628,1,0.5082927
2025-09-10 00:00:00-04:00,MMM,152.22987365722656,0.0032008993730834,1,0.49608448
2025-09-10 00:00:00-04:00,ACN,241.0656890869141,-0.0352394945952033,1,0.43260184
2025-09-10 00:00:00-04:00,A,123.36875915527344,-0.0168712517136911,1,0.49537975
2025-09-10 00:00:00-04:00,ABT,127.33934020996094,-0.0196286639792923,1,0.5093619
2025-09-11 00:00:00-04:00,A,125.96296691894533,0.02102807697374,0,0.5256079
2025-09-11 00:00:00-04:00,ACN,242.096923828125,0.004277816329304,0,0.50203854
2025-09-11 00:00:00-04:00,AOS,73.11967468261719,0.02496901225286,0,0.5636036
2025-09-11 00:00:00-04:00,ABT,130.5779571533203,0.0254329646911901,1,0.5221054
2025-09-11 00:00:00-04:00,ABBV,215.11404418945312,0.0405405724580194,0,0.5256532
2025-09-11 00:00:00-04:00,AMD,155.6699981689453,-0.0242572099789845,1,0.4912733
2025-09-11 00:00:00-04:00,ADBE,350.54998779296875,0.0011137312279552,0,0.5230486
2025-09-11 00:00:00-04:00,AFL,107.55448150634766,0.0136156022264861,1,0.51568025
2025-09-11 00:00:00-04:00,MMM,158.07838439941406,0.0384189423644698,0,0.523297
2025-09-11 00:00:00-04:00,AES,12.38746452331543,0.0094265590230819,1,0.4661755
2025-09-12 00:00:00-04:00,AMD,158.57000732421875,0.0186292104412189,1,0.5001203
2025-09-12 00:00:00-04:00,AFL,107.98988342285156,0.0040481987398937,0,0.5062529
2025-09-12 00:00:00-04:00,MMM,156.4923553466797,-0.0100331810624214,0,0.5008643
2025-09-12 00:00:00-04:00,ACN,236.5341033935547,-0.0229776584791288,0,0.48693374
2025-09-12 00:00:00-04:00,A,122.49408721923828,-0.0275388853133254,1,0.46081397
2025-09-12 00:00:00-04:00,ADBE,349.3599853515625,-0.0033946726083158,0,0.51285154
2025-09-12 00:00:00-04:00,AES,12.41638469696045,0.0023346322074695,1,0.41104138
2025-09-12 00:00:00-04:00,AOS,71.41716003417969,-0.0232839472526023,1,0.5448552
2025-09-12 00:00:00-04:00,ABBV,213.2776336669922,-0.0085369159851023,0,0.52490366
2025-09-12 00:00:00-04:00,ABT,131.64108276367188,0.0081416927751694,0,0.5114226
2025-09-15 00:00:00-04:00,AES,12.560985565185549,0.0116459719760855,0,0.4452191
2025-09-15 00:00:00-04:00,ACN,235.86973571777344,-0.0028087606237306,0,0.49479803
2025-09-15 00:00:00-04:00,ADBE,347.1000061035156,-0.0064689127055368,1,0.5108772
2025-09-15 00:00:00-04:00,AFL,107.27741241455078,-0.0065975717883774,0,0.51703024
2025-09-15 00:00:00-04:00,AMD,161.16000366210938,0.0163334566327855,0,0.51262605
2025-09-15 00:00:00-04:00,ABBV,212.5645446777344,-0.0033434775930193,0,0.4950315
2025-09-15 00:00:00-04:00,ABT,129.27857971191406,-0.0179465483127261,1,0.51835597
2025-09-15 00:00:00-04:00,MMM,155.29290771484375,-0.0076645765167172,0,0.5036633
2025-09-15 00:00:00-04:00,A,124.86961364746094,0.0193929885282624,1,0.55124557
2025-09-15 00:00:00-04:00,AOS,72.08634948730469,0.0093701493143207,1,0.5410805
2025-09-16 00:00:00-04:00,AOS,72.44063568115234,0.0049147473324342,0,0.5682863
2025-09-16 00:00:00-04:00,AES,12.242863655090332,-0.0253261902455277,0,0.43422228
2025-09-16 00:00:00-04:00,ACN,234.8186492919922,-0.0044562157267981,1,0.49479803
2025-09-16 00:00:00-04:00,ABBV,211.245849609375,-0.0062037395293681,1,0.52490366
2025-09-16 00:00:00-04:00,ADBE,352.7300109863281,0.0162201232607683,1,0.5208609
2025-09-16 00:00:00-04:00,ABT,130.6862335205078,0.0108885308898858,1,0.5114226
2025-09-16 00:00:00-04:00,AFL,106.50555419921876,-0.0071949742071456,1,0.53045434
2025-09-16 00:00:00-04:00,AMD,160.4600067138672,-0.004343490520823,0,0.50461
2025-09-16 00:00:00-04:00,MMM,155.13430786132812,-0.0010212948926608,0,0.501587
2025-09-16 00:00:00-04:00,A,126.42017364501952,0.012417432490311,0,0.5374362
2025-09-17 00:00:00-04:00,AFL,108.0888442993164,0.0148657984271514,0,0.549335
2025-09-17 00:00:00-04:00,ACN,239.2114105224609,0.0187070372975632,0,0.49418333
2025-09-17 00:00:00-04:00,MMM,153.80599975585938,-0.008562310450736,1,0.5143156
2025-09-17 00:00:00-04:00,A,125.95301818847656,-0.0036952603613304,1,0.49136668
2025-09-17 00:00:00-04:00,ABBV,215.6903533935547,0.0210394845266699,1,0.4788659
2025-09-17 00:00:00-04:00,AMD,159.16000366210938,-0.0081017262704966,0,0.5018111
2025-09-17 00:00:00-04:00,AOS,71.95842742919922,-0.0066565988470278,0,0.49256653
2025-09-17 00:00:00-04:00,ADBE,362.0700073242188,0.026479165500473,1,0.51795024
2025-09-17 00:00:00-04:00,ABT,132.07421875,0.010620745522323,1,0.5250039
2025-09-17 00:00:00-04:00,AES,12.05970287322998,-0.014960615998055,1,0.42368436
2025-09-18 00:00:00-04:00,ADBE,367.4599914550781,0.0148865800033881,0,0.5519605
2025-09-18 00:00:00-04:00,AOS,71.90921020507812,-0.0006839674778819,1,0.4963079
2025-09-18 00:00:00-04:00,MMM,154.0438995361328,0.0015467522765761,1,0.48173702
2025-09-18 00:00:00-04:00,ABBV,216.843002319336,0.0053439985036238,1,0.55098253
2025-09-18 00:00:00-04:00,AMD,157.9199981689453,-0.0077909365709525,0,0.50531816
2025-09-18 00:00:00-04:00,A,126.84757995605467,0.0071023448301927,0,0.47484672
2025-09-18 00:00:00-04:00,AFL,106.87169647216795,-0.0112606239343068,1,0.48252964
2025-09-18 00:00:00-04:00,AES,12.483864784240724,0.0351718376040834,1,0.5449158
2025-09-18 00:00:00-04:00,ACN,237.53561401367188,-0.0070055040649145,1,0.49867293
2025-09-18 00:00:00-04:00,ABT,132.4679718017578,0.0029813013886013,1,0.5155875
2025-09-19 00:00:00-04:00,AES,12.580265045166016,0.0077219885501309,1,0.4537479
2025-09-19 00:00:00-04:00,ACN,237.68435668945312,0.0006261910509668,1,0.49007466
2025-09-19 00:00:00-04:00,ABBV,217.31187438964844,0.0021622651655688,1,0.49273393
2025-09-19 00:00:00-04:00,A,125.55545043945312,-0.0101864735381566,1,0.4769605
2025-09-19 00:00:00-04:00,AFL,106.91127014160156,0.0003702913936984,0,0.48302954
2025-09-19 00:00:00-04:00,AMD,157.38999938964844,-0.0033561219949475,1,0.50461
2025-09-19 00:00:00-04:00,AOS,71.92890167236328,0.0002738379023909,0,0.47680718
2025-09-19 00:00:00-04:00,ADBE,365.8999938964844,-0.0042453534939039,0,0.4856554
2025-09-19 00:00:00-04:00,ABT,133.9149932861328,0.0109235573300729,1,0.5250039
2025-09-19 00:00:00-04:00,MMM,155.2334442138672,0.0077221148082877,0,0.50551635
2025-09-22 00:00:00-04:00,AFL,106.27796173095705,-0.0059236824125811,1,0.49606183
2025-09-22 00:00:00-04:00,ABT,134.48593139648438,0.0042634367992808,0,0.51888704
2025-09-22 00:00:00-04:00,AOS,71.1120834350586,-0.0113559114391221,0,0.50125706
2025-09-22 00:00:00-04:00,AMD,159.7899932861328,0.015248706434916,1,0.548884
2025-09-22 00:00:00-04:00,ABBV,217.42909240722656,0.0005393999656362,1,0.54540455
2025-09-22 00:00:00-04:00,A,125.56539154052734,7.917697749815211e-05,0,0.47448435
2025-09-22 00:00:00-04:00,MMM,152.51734924316406,-0.0174968415115567,1,0.4901254
2025-09-22 00:00:00-04:00,ACN,237.971923828125,0.0012098698571383,0,0.5051126
2025-09-22 00:00:00-04:00,AES,12.65738582611084,0.0061302985801923,1,0.44677523
2025-09-22 00:00:00-04:00,ADBE,364.0799865722656,-0.004974056721995,0,0.4970669
2025-09-23 00:00:00-04:00,ADBE,361.7799987792969,-0.006317259607216,0,0.47117233
2025-09-23 00:00:00-04:00,ABBV,217.4486389160156,8.989831384864644e-05,0,0.50847095
2025-09-23 00:00:00-04:00,MMM,154.92613220214844,0.0157935013356673,0,0.5415215
2025-09-23 00:00:00-04:00,ACN,233.5196685791016,-0.0187091618935645,1,0.48693374
2025-09-23 00:00:00-04:00,A,125.17774963378906,-0.0030871715683948,0,0.47448435
2025-09-23 00:00:00-04:00,ABT,133.767333984375,-0.0053432905929085,0,0.4946321
2025-09-23 00:00:00-04:00,AOS,71.02350616455078,-0.0012456008350353,0,0.4963079
2025-09-23 00:00:00-04:00,AFL,107.09928894042967,0.0077281046427275,1,0.5246882
2025-09-23 00:00:00-04:00,AES,12.66702651977539,0.0007616654652862,1,0.44203427
2025-09-23 00:00:00-04:00,AMD,160.89999389648438,0.0069466215469695,0,0.5242339
2025-09-24 00:00:00-04:00,ACN,237.069580078125,0.0152017666033168,0,0.5361951
2025-09-24 00:00:00-04:00,AOS,70.81684112548828,-0.0029098118386846,0,0.5060209
2025-09-24 00:00:00-04:00,A,123.62718200683594,-0.0123869268419455,0,0.47284964
2025-09-24 00:00:00-04:00,ABBV,214.88937377929688,-0.0117695155484839,0,0.5642059
2025-09-24 00:00:00-04:00,ADBE,353.2699890136719,-0.0235226098577564,1,0.4181637
2025-09-24 00:00:00-04:00,AMD,160.8800048828125,-0.0001242325321947,1,0.501587
2025-09-24 00:00:00-04:00,ABT,131.798583984375,-0.0147177187535931,0,0.49923685
2025-09-24 00:00:00-04:00,AES,12.879106521606444,0.0167426823887957,0,0.55249923
2025-09-24 00:00:00-04:00,AFL,108.16799926757812,0.0099786874191376,1,0.51568025
2025-09-24 00:00:00-04:00,MMM,153.25088500976562,-0.0108131996104888,0,0.5143156
2025-09-25 00:00:00-04:00,MMM,151.69459533691406,-0.010155175761317,0,0.48123664
2025-09-25 00:00:00-04:00,ACN,230.6044006347656,-0.0272712316832418,1,0.4814687
2025-09-25 00:00:00-04:00,AMD,161.27000427246094,0.0024241632136481,0,0.5129851
2025-09-25 00:00:00-04:00,A,121.15225982666016,-0.0200192396202878,1,0.47634786
2025-09-25 00:00:00-04:00,AES,12.560985565185549,-0.0247005454832758,1,0.42711523
2025-09-25 00:00:00-04:00,AFL,108.33623504638672,0.0015553193176147,1,0.4770012
2025-09-25 00:00:00-04:00,ABT,131.22764587402344,-0.0043318986675854,1,0.50749445
2025-09-25 00:00:00-04:00,ABBV,213.47300720214844,-0.0065911429320052,1,0.52160734
2025-09-25 00:00:00-04:00,AOS,70.26573944091797,-0.0077820709849759,1,0.46801776
2025-09-25 00:00:00-04:00,ADBE,354.1600036621094,0.002519361044289,1,0.475605
2025-09-26 00:00:00-04:00,AES,12.763425827026367,0.0161165905963549,0,0.56976974
2025-09-26 00:00:00-04:00,ACN,236.9604949951172,0.027562762648309,1,0.5156628
2025-09-26 00:00:00-04:00,A,122.64317321777344,0.0123061129296837,1,0.52217776
2025-09-26 00:00:00-04:00,AOS,71.29905700683594,0.0147058520146481,1,0.46810755
2025-09-26 00:00:00-04:00,AMD,159.4600067138672,-0.0112233987142197,1,0.55904865
2025-09-26 00:00:00-04:00,ADBE,360.3699951171875,0.0175344233986478,0,0.47341886
2025-09-26 00:00:00-04:00,MMM,151.47650146484375,-0.0014377168256122,1,0.5203121
2025-09-26 00:00:00-04:00,ABBV,215.4949951171875,0.0094718669191011,1,0.5123987
2025-09-26 00:00:00-04:00,ABT,131.46388244628906,0.0018002042991185,0,0.50199234
2025-09-26 00:00:00-04:00,AFL,110.19658660888672,0.0171720160083415,0,0.52217126
2025-09-29 00:00:00-04:00,ABT,131.03077697753906,-0.0032944825657872,1,0.50749445
2025-09-29 00:00:00-04:00,ADBE,359.4200134277344,-0.0026361287075085,0,0.45071232
2025-09-29 00:00:00-04:00,ABBV,217.9858856201172,0.0115589250765435,1,0.5021656
2025-09-29 00:00:00-04:00,AES,12.68630599975586,-0.0060422513763669,0,0.53649646
2025-09-29 00:00:00-04:00,MMM,152.73541259765625,0.0083109335153523,1,0.50551635
2025-09-29 00:00:00-04:00,AMD,161.36000061035156,0.0119151750689041,1,0.51910746
2025-09-29 00:00:00-04:00,AOS,71.59429931640625,0.0041409006228791,1,0.45851064
2025-09-29 00:00:00-04:00,A,123.0009994506836,0.0029176204718281,1,0.47520772
2025-09-29 00:00:00-04:00,ACN,244.9229736328125,0.0336025574130378,0,0.4915782
2025-09-29 00:00:00-04:00,AFL,110.18669128417967,-8.97970165097961e-05,1,0.5207257
2025-09-30 00:00:00-04:00,ABBV,226.1715545654297,0.0375513713744641,1,0.5500316
2025-09-30 00:00:00-04:00,AFL,110.53303527832033,0.0031432470664483,0,0.5260875
2025-09-30 00:00:00-04:00,A,127.82933807373048,0.0392544665865319,1,0.5257126
2025-09-30 00:00:00-04:00,AES,12.68630599975586,0.0,1,0.53005135
2025-09-30 00:00:00-04:00,ACN,244.52633666992188,-0.0016194355188797,0,0.49460164
2025-09-30 00:00:00-04:00,AOS,72.24382019042969,0.0090722429051637,0,0.47101662
2025-09-30 00:00:00-04:00,ADBE,352.75,-0.0185577129223368,0,0.4663372
2025-09-30 00:00:00-04:00,ABT,131.8478240966797,0.0062355359403896,0,0.5376157
2025-09-30 00:00:00-04:00,MMM,153.82582092285156,0.0071391978235442,1,0.50551635
2025-09-30 00:00:00-04:00,AMD,161.7899932861328,0.0026648033846974,1,0.49608448
2025-10-01 00:00:00-04:00,ACN,241.66064453125,-0.0117193598763154,1,0.48634663
2025-10-01 00:00:00-04:00,A,138.01783752441406,0.0797039209012173,1,0.44619012
2025-10-01 00:00:00-04:00,AES,14.816757202148438,0.1679331400672172,0,0.46521005
2025-10-01 00:00:00-04:00,AOS,71.93873596191406,-0.0042229802869151,1,0.47018087
2025-10-01 00:00:00-04:00,ADBE,343.7200012207031,-0.0255988625919117,1,0.4351446
2025-10-01 00:00:00-04:00,ABT,131.38514709472656,-0.0035091743464333,0,0.50749445
2025-10-01 00:00:00-04:00,AFL,109.59296417236328,-0.0085048881865043,0,0.5433046
2025-10-01 00:00:00-04:00,ABBV,238.71388244628903,0.0554549306828544,0,0.50892323
2025-10-01 00:00:00-04:00,AMD,164.00999450683594,0.0137214989358269,1,0.5161765
2025-10-01 00:00:00-04:00,MMM,154.638671875,0.0052842295738899,1,0.5319142
2025-10-02 00:00:00-04:00,ABBV,231.0751800537109,-0.0319994057919813,0,0.4489858
2025-10-02 00:00:00-04:00,A,138.13734436035156,0.0008658796433929,1,0.45446157
2025-10-02 00:00:00-04:00,AMD,169.72999572753906,0.0348759308108184,0,0.511614
2025-10-02 00:00:00-04:00,AES,13.775630950927734,-0.0702668091955869,1,0.6460116
2025-10-02 00:00:00-04:00,AFL,109.44452667236328,-0.0013544437010257,1,0.35251382
2025-10-02 00:00:00-04:00,ADBE,351.4800109863281,0.02257654410004,0,0.5260378
2025-10-02 00:00:00-04:00,ACN,242.28533935546875,0.0025850085165106,1,0.5102864
2025-10-02 00:00:00-04:00,ABT,130.9126434326172,-0.0035963247943749,1,0.52620727
2025-10-02 00:00:00-04:00,AOS,72.37174987792969,0.0060192038437383,0,0.4821876
2025-10-02 00:00:00-04:00,MMM,157.41424560546875,0.0179487685506789,0,0.4938928
2025-10-03 00:00:00-04:00,ABBV,228.4866485595703,-0.0112021182609872,0,0.5553173
2025-10-03 00:00:00-04:00,A,141.06541442871094,0.0211968029493969,0,0.48946548
2025-10-03 00:00:00-04:00,AMD,164.6699981689453,-0.029812040805777,1,0.26302922
2025-10-03 00:00:00-04:00,ABT,132.48765563964844,0.0120310167584534,0,0.54461044
2025-10-03 00:00:00-04:00,ACN,243.25711059570312,0.0040108544859522,1,0.5059034
2025-10-03 00:00:00-04:00,AOS,72.18476867675781,-0.0025836213921489,0,0.4639801
2025-10-03 00:00:00-04:00,AES,14.055192947387695,0.0202939522302703,0,0.5451864
2025-10-03 00:00:00-04:00,AFL,111.14656066894533,0.0155515679799804,1,0.56004006
2025-10-03 00:00:00-04:00,ADBE,346.739990234375,-0.0134858899618547,1,0.4983684
2025-10-03 00:00:00-04:00,MMM,157.27545166015625,-0.0008817114663203,0,0.52559096
2025-10-06 00:00:00-04:00,MMM,154.5692596435547,-0.0172067031951632,0,0.4901254
2025-10-06 00:00:00-04:00,ABT,131.65093994140625,-0.0063154238347907,0,0.5127733
2025-10-06 00:00:00-04:00,AMD,203.7100067138672,0.2370802755755683,1,0.55151516
2025-10-06 00:00:00-04:00,A,141.03555297851562,-0.000211685127189,0,0.44021997
2025-10-06 00:00:00-04:00,ACN,246.0831298828125,0.011617416979873,1,0.5349833
2025-10-06 00:00:00-04:00,ADBE,350.1400146484375,0.0098056887287916,0,0.5324514
2025-10-06 00:00:00-04:00,AFL,111.88872528076172,0.0066773511240438,0,0.5281775
2025-10-06 00:00:00-04:00,AES,13.756352424621582,-0.021261929586079,1,0.53089714
2025-10-06 00:00:00-04:00,AOS,71.26953887939453,-0.0126789877440997,0,0.46234977
2025-10-06 00:00:00-04:00,ABBV,224.85289001464844,-0.0159035924761026,1,0.5642059
2025-10-07 00:00:00-04:00,ABT,130.94216918945312,-0.0053837120514944,1,0.49313998
2025-10-07 00:00:00-04:00,ADBE,348.3099975585937,-0.0052265294261818,1,0.51285154
2025-10-07 00:00:00-04:00,AFL,111.75018310546876,-0.0012382139035485,0,0.5315718
2025-10-07 00:00:00-04:00,ACN,249.11740112304688,0.0123302692130067,1,0.46955082
2025-10-07 00:00:00-04:00,A,137.99790954589844,-0.0215381396283809,1,0.51864815
2025-10-07 00:00:00-04:00,AES,13.881670951843262,0.0091098659988806,1,0.53869617
2025-10-07 00:00:00-04:00,MMM,153.97451782226562,-0.0038477367534823,1,0.49838233
2025-10-07 00:00:00-04:00,AMD,211.509994506836,0.0382896644047767,1,0.5500316
2025-10-07 00:00:00-04:00,ABBV,227.43167114257807,0.011468747979008,0,0.5349833
2025-10-07 00:00:00-04:00,AOS,70.26573944091797,-0.0140845507668463,0,0.4629739
2025-10-08 00:00:00-04:00,ADBE,348.7699890136719,0.001320638104856,0,0.50858015
2025-10-08 00:00:00-04:00,AFL,110.73094940185548,-0.0091206445957349,0,0.5449117
2025-10-08 00:00:00-04:00,AMD,235.5599975585937,0.1137062251258318,0,0.5242466
2025-10-08 00:00:00-04:00,A,140.23878479003906,0.016238472390738,0,0.5095175
2025-10-08 00:00:00-04:00,AES,14.199792861938477,0.0229166871336172,0,0.5630376
2025-10-08 00:00:00-04:00,ABBV,225.8785400390625,-0.0068290009729643,0,0.52160734
2025-10-08 00:00:00-04:00,AOS,69.94098663330078,-0.0046217802616345,0,0.4708063
2025-10-08 00:00:00-04:00,MMM,154.638671875,0.0043134023871469,0,0.49608448
2025-10-08 00:00:00-04:00,ABT,132.17266845703125,0.009397272667736,0,0.5114226
2025-10-08 00:00:00-04:00,ACN,250.8526763916016,0.0069656927245222,0,0.5186307
2025-10-09 00:00:00-04:00,AOS,68.62227630615234,-0.0188546143059492,0,0.44688106
2025-10-09 00:00:00-04:00,ADBE,347.4700012207031,-0.0037273499266526,0,0.5163558
2025-10-09 00:00:00-04:00,MMM,151.5458984375,-0.02,0,0.4967431
2025-10-09 00:00:00-04:00,ACN,249.9205780029297,-0.0037157203266862,0,0.51150304
2025-10-09 00:00:00-04:00,A,139.5416259765625,-0.0049712268579645,0,0.4413545
2025-10-09 00:00:00-04:00,ABBV,225.3412933349609,-0.0023784760783768,0,0.5082009
2025-10-09 00:00:00-04:00,AFL,110.0085678100586,-0.0065237550630518,0,0.5449117
2025-10-09 00:00:00-04:00,ABT,131.22764587402344,-0.0071499092364548,0,0.48292089
2025-10-09 00:00:00-04:00,AMD,232.88999938964844,-0.0113346841425447,0,0.5592566
2025-10-09 00:00:00-04:00,AES,14.04555320739746,-0.0108621059504639,0,0.53089714
2025-10-10 00:00:00-04:00,MMM,147.45193481445312,-0.0270146778319789,1,0.4912733
2025-10-10 00:00:00-04:00,AES,13.563549995422363,-0.0343171397279842,1,0.47039238
2025-10-10 00:00:00-04:00,ABT,130.4992218017578,-0.0055508430972304,0,0.51722324
2025-10-10 00:00:00-04:00,ABBV,225.1556854248047,-0.0008236746466184,0,0.51140434
2025-10-10 00:00:00-04:00,ACN,238.91392517089844,-0.0440406024985354,1,0.47257453
2025-10-10 00:00:00-04:00,AOS,66.6737289428711,-0.0283952597927235,0,0.46791115
2025-10-10 00:00:00-04:00,ADBE,337.510009765625,-0.0286643204307925,1,0.5267305
2025-10-10 00:00:00-04:00,AMD,214.8999938964844,-0.0772467926502286,1,0.612574
2025-10-10 00:00:00-04:00,AFL,109.7908706665039,-0.0019789108056617,0,0.5315718
2025-10-10 00:00:00-04:00,A,136.06578063964844,-0.0249090213231274,1,0.57931125
2025-10-13 00:00:00-04:00,ABT,129.3278045654297,-0.0089764308181671,1,0.514427
2025-10-13 00:00:00-04:00,ACN,241.51190185546875,0.0108741115977728,1,0.5153311
2025-10-13 00:00:00-04:00,AOS,66.6048355102539,-0.0010332920283522,1,0.45160207
2025-10-13 00:00:00-04:00,ADBE,339.32000732421875,0.0053627966763138,0,0.5435982
2025-10-13 00:00:00-04:00,AFL,109.10807800292967,-0.0062190295006244,1,0.5433046
2025-10-13 00:00:00-04:00,AMD,216.4199981689453,0.007073077317969,1,0.53090763
2025-10-13 00:00:00-04:00,AES,13.920231819152832,0.0262970847492616,0,0.5795938
2025-10-13 00:00:00-04:00,A,137.66925048828125,0.0117845195250037,0,0.54691434
2025-10-13 00:00:00-04:00,MMM,149.78143310546875,0.0157983568947193,1,0.5341915
2025-10-13 00:00:00-04:00,ABBV,224.9603271484375,-0.0008676586425014,0,0.51140434
2025-10-14 00:00:00-04:00,ACN,242.14651489257807,0.0026276677556416,0,0.49230412
2025-10-14 00:00:00-04:00,AES,13.872032165527344,-0.0034625611305675,1,0.5445178
2025-10-14 00:00:00-04:00,ABBV,223.8174591064453,-0.0050803092993284,0,0.4817464
2025-10-14 00:00:00-04:00,ADBE,335.94000244140625,-0.0099611128429067,0,0.5135593
2025-10-14 00:00:00-04:00,AMD,218.08999633789065,0.0077164688248527,1,0.53090763
2025-10-14 00:00:00-04:00,A,137.48001098632812,-0.0013745952802236,1,0.5368184
2025-10-14 00:00:00-04:00,AFL,110.34502410888672,0.0113368884192408,0,0.5338718
2025-10-14 00:00:00-04:00,MMM,151.19894409179688,0.0094638631567236,1,0.49116206
2025-10-14 00:00:00-04:00,ABT,131.1882781982422,0.0143857203720738,0,0.53012437
2025-10-14 00:00:00-04:00,AOS,67.72673034667969,0.0168440448479609,1,0.45707676
2025-10-15 00:00:00-04:00,ABT,127.9945831298828,-0.0243443630194865,0,0.50038517
2025-10-15 00:00:00-04:00,MMM,152.1307373046875,0.0061626965617227,0,0.4984741
2025-10-15 00:00:00-04:00,ADBE,330.6300048828125,-0.0158063866166694,0,0.5084938
2025-10-15 00:00:00-04:00,AFL,108.66277313232422,-0.015245372323291,0,0.5034976
2025-10-15 00:00:00-04:00,AOS,68.11053466796875,0.0056669548245491,1,0.49742517
2025-10-15 00:00:00-04:00,ABBV,222.5679626464844,-0.0055826585868203,1,0.5072722
2025-10-15 00:00:00-04:00,AES,14.219073295593262,0.0250173244932585,1,0.59994066
2025-10-15 00:00:00-04:00,AMD,238.6000061035156,0.0940437897658013,0,0.55151516
2025-10-15 00:00:00-04:00,A,139.08349609375,0.0116634054355824,1,0.5187061
2025-10-15 00:00:00-04:00,ACN,237.6942749023437,-0.0183865540753682,0,0.510879
2025-10-16 00:00:00-04:00,AOS,68.2581558227539,0.0021673762437013,1,0.45613885
2025-10-16 00:00:00-04:00,ABT,126.19503784179688,-0.0140595425531393,1,0.5093619
2025-10-16 00:00:00-04:00,ACN,232.0521240234375,-0.0237370078905951,1,0.4669566
2025-10-16 00:00:00-04:00,AFL,105.61495971679688,-0.0280483676945725,1,0.53783536
2025-10-16 00:00:00-04:00,ADBE,329.2300109863281,-0.004234321978674,1,0.52434814
2025-10-16 00:00:00-04:00,AES,14.286554336547852,0.0047458114570309,0,0.58897895
2025-10-16 00:00:00-04:00,ABBV,223.2074584960937,0.0028732610120758,1,0.5059034
2025-10-16 00:00:00-04:00,MMM,150.08872985839844,-0.0134227144524996,1,0.50925046
2025-10-16 00:00:00-04:00,AMD,234.5599975585937,-0.0169321393192636,0,0.5530378
2025-10-16 00:00:00-04:00,A,140.52761840820312,0.0103831321113736,1,0.49880978
2025-10-17 00:00:00-04:00,ABT,127.09480285644533,0.0071299555833284,1,0.51480967
2025-10-17 00:00:00-04:00,AFL,106.584716796875,0.0091820049231519,1,0.5253986
2025-10-17 00:00:00-04:00,ABBV,225.8638916015625,0.0119011843213798,1,0.5153311
2025-10-17 00:00:00-04:00,ADBE,333.260009765625,0.0122406786891133,1,0.51782477
2025-10-17 00:00:00-04:00,AMD,233.0800018310547,-0.0063096680718941,1,0.5184898
2025-10-17 00:00:00-04:00,MMM,151.3079833984375,0.008123551589712,1,0.5242339
2025-10-17 00:00:00-04:00,ACN,236.3853759765625,0.0186736146948058,1,0.4963395
2025-10-17 00:00:00-04:00,A,141.34426879882812,0.0058113159525183,1,0.51167023
2025-10-17 00:00:00-04:00,AOS,68.60259246826172,0.0050460877730451,1,0.48881003
2025-10-17 00:00:00-04:00,AES,14.055192947387695,-0.0161943449561023,0,0.59521574
2025-10-20 00:00:00-04:00,ACN,240.1434936523437,0.0158982663807165,1,0.47577518
2025-10-20 00:00:00-04:00,AMD,240.5599975585937,0.0320919670017885,0,0.53312516
2025-10-20 00:00:00-04:00,MMM,153.42930603027344,0.0140198989120745,1,0.50551635
2025-10-20 00:00:00-04:00,ABT,128.0539093017578,0.0075463860343354,0,0.51764506
2025-10-20 00:00:00-04:00,ABBV,228.3136749267578,0.0108462813946235,0,0.5017357
2025-10-20 00:00:00-04:00,AOS,68.70100402832031,0.0014345166343987,1,0.44008896
2025-10-20 00:00:00-04:00,A,142.41990661621094,0.0076100561170522,1,0.56310886
2025-10-20 00:00:00-04:00,ADBE,343.3999938964844,0.0304266453631523,1,0.52416694
2025-10-20 00:00:00-04:00,AFL,107.6336441040039,0.0098412543435089,0,0.52189916
2025-10-20 00:00:00-04:00,AES,13.881670951843262,-0.0123457569166053,0,0.5402822
2025-10-21 00:00:00-04:00,AES,13.804550170898438,-0.005555583417325,0,0.46179938
2025-10-21 00:00:00-04:00,ACN,248.4034576416016,0.0343959516188927,0,0.50236654
2025-10-21 00:00:00-04:00,ADBE,357.54998779296875,0.04120557410595,0,0.52882123
2025-10-21 00:00:00-04:00,MMM,165.18580627441406,0.0766248674931824,1,0.51271474
2025-10-21 00:00:00-04:00,ABT,126.1060562133789,-0.015211195808078,1,0.5093619
2025-10-21 00:00:00-04:00,AFL,107.04981231689452,-0.0054242499356915,0,0.51797587
2025-10-21 00:00:00-04:00,ABBV,227.6544952392578,-0.0028871669106612,0,0.49867293
2025-10-21 00:00:00-04:00,AMD,238.02999877929688,-0.0105171217366702,0,0.55863917
2025-10-21 00:00:00-04:00,A,145.08901977539062,0.0187411522911071,1,0.53308314
2025-10-21 00:00:00-04:00,AOS,69.87210083007812,0.0170462836507463,0,0.465642
2025-10-22 00:00:00-04:00,AES,13.775630950927734,-0.0020949049127053,0,0.45499155
2025-10-22 00:00:00-04:00,ACN,247.04498291015625,-0.005468823760921,1,0.4855384
2025-10-22 00:00:00-04:00,AMD,230.22999572753903,-0.0327689916891108,1,0.44689023
2025-10-22 00:00:00-04:00,ADBE,354.0899963378906,-0.0096769446880293,1,0.50910753
2025-10-22 00:00:00-04:00,AOS,67.1165771484375,-0.0394366800039658,1,0.4909128
2025-10-22 00:00:00-04:00,ABT,126.51144409179688,0.0032146582851819,0,0.5117253
2025-10-22 00:00:00-04:00,ABBV,224.9882354736328,-0.0117118696155015,0,0.4964695
2025-10-22 00:00:00-04:00,A,145.27825927734375,0.0013042992656928,1,0.52615684
2025-10-22 00:00:00-04:00,MMM,165.77066040039062,0.0035405834143218,1,0.5293554
2025-10-22 00:00:00-04:00,AFL,106.72325897216795,-0.0030504803106041,0,0.51797587
2025-10-23 00:00:00-04:00,A,146.86181640625,0.0109001659077092,1,0.5445125
2025-10-23 00:00:00-04:00,AES,13.688870429992676,-0.0062981159443165,1,0.46117556
2025-10-23 00:00:00-04:00,AOS,67.9432373046875,0.0123167806132564,0,0.46863616
2025-10-23 00:00:00-04:00,MMM,170.1025390625,0.0261317572822987,0,0.5288724
2025-10-23 00:00:00-04:00,AFL,106.42639923095705,-0.0027815842963372,0,0.5214777
2025-10-23 00:00:00-04:00,ADBE,354.1199951171875,8.472077609411599e-05,0,0.51884526
2025-10-23 00:00:00-04:00,AMD,234.9900054931641,0.0206750199972127,1,0.49411488
2025-10-23 00:00:00-04:00,ABT,124.91954803466795,-0.0125830202046689,1,0.50369936
2025-10-23 00:00:00-04:00,ACN,247.70933532714844,0.002689196150297,0,0.49230412
2025-10-23 00:00:00-04:00,ABBV,224.565185546875,-0.0018803202125978,0,0.5008292
2025-10-24 00:00:00-04:00,AOS,67.80546569824219,-0.0020277456875874,0,0.4708063
2025-10-24 00:00:00-04:00,AMD,252.9199981689453,0.0763010862447204,1,0.54776853
2025-10-24 00:00:00-04:00,ABT,125.42381286621094,0.0040367167467099,1,0.5117253
2025-10-24 00:00:00-04:00,AFL,106.0602569580078,-0.0034403331842006,1,0.5295904
2025-10-24 00:00:00-04:00,ADBE,353.5199890136719,-0.0016943581604791,1,0.5066262
2025-10-24 00:00:00-04:00,MMM,167.0295867919922,-0.0180652933662485,0,0.55904865
2025-10-24 00:00:00-04:00,ABBV,224.30938720703125,-0.0011390827978112,1,0.49780607
2025-10-24 00:00:00-04:00,A,147.4294891357422,0.0038653527743515,0,0.52615684
2025-10-24 00:00:00-04:00,AES,14.026273727416992,0.0246480013927998,0,0.49861327
2025-10-24 00:00:00-04:00,ACN,245.5675048828125,-0.0086465471376249,1,0.4970835
2025-10-27 00:00:00-04:00,ADBE,357.79998779296875,0.0121068084190605,1,0.52733374
2025-10-27 00:00:00-04:00,AMD,259.6700134277344,0.0266883414030398,0,0.52510256
2025-10-27 00:00:00-04:00,A,145.99533081054688,-0.0097277575443189,0,0.5360328
2025-10-27 00:00:00-04:00,ABT,125.75010681152344,0.0026015310638065,0,0.5117253
2025-10-27 00:00:00-04:00,MMM,166.93045043945312,-0.0005935257007042,0,0.5184822
2025-10-27 00:00:00-04:00,AES,13.968433380126951,-0.0041237144243791,0,0.45499155
2025-10-27 00:00:00-04:00,AFL,106.42639923095705,0.0034522099366043,0,0.49976218
2025-10-27 00:00:00-04:00,ABBV,224.3487243652344,0.000175370093481,0,0.50403386
2025-10-27 00:00:00-04:00,AOS,67.52007293701172,-0.0042089934534269,0,0.4708063
2025-10-27 00:00:00-04:00,ACN,248.6612701416016,0.0125984309701947,1,0.5017357
2025-10-28 00:00:00-04:00,ABBV,223.8666534423828,-0.0021487571378689,0,0.5008292
2025-10-28 00:00:00-04:00,A,145.2583465576172,-0.005047998787619,0,0.51146656
2025-10-28 00:00:00-04:00,AES,13.939513206481934,-0.0020703949296249,0,0.44079298
2025-10-28 00:00:00-04:00,AOS,65.77818298339844,-0.0257981053314065,0,0.45753792
2025-10-28 00:00:00-04:00,ACN,251.21957397460932,0.0102883083945919,0,0.5017357
2025-10-28 00:00:00-04:00,AMD,258.010009765625,-0.0063927430056198,1,0.52160734
2025-10-28 00:00:00-04:00,ADBE,359.9100036621094,0.0058971937985685,0,0.52030736
2025-10-28 00:00:00-04:00,MMM,165.37416076660156,-0.00932298252808,0,0.5376515
2025-10-28 00:00:00-04:00,ABT,125.18650817871094,-0.0044818938695394,0,0.51156443
2025-10-28 00:00:00-04:00,AFL,105.5654754638672,-0.0080893817070851,0,0.5024657
2025-10-29 00:00:00-04:00,ACN,245.6666717529297,-0.0221037801068832,1,0.5054704
2025-10-29 00:00:00-04:00,A,142.6190948486328,-0.0181693635617524,1,0.52825963
2025-10-29 00:00:00-04:00,ADBE,337.8599853515625,-0.0612653665810519,1,0.32954353
2025-10-29 00:00:00-04:00,MMM,163.193359375,-0.0131870745798033,1,0.55904865
2025-10-29 00:00:00-04:00,AOS,64.5382080078125,-0.0188508547872003,1,0.4629739
2025-10-29 00:00:00-04:00,ABBV,221.50538635253903,-0.010547649922553,1,0.50153744
2025-10-29 00:00:00-04:00,AFL,104.59571838378906,-0.0091863090259093,1,0.5024657
2025-10-29 00:00:00-04:00,ABT,123.03102111816406,-0.0172182057947474,1,0.5280303
2025-10-29 00:00:00-04:00,AES,13.85275173187256,-0.006224139489249,0,0.47363016
2025-10-29 00:00:00-04:00,AMD,264.3299865722656,0.024495083785244,0,0.53317827
2025-10-30 00:00:00-04:00,AFL,105.72380828857422,0.0107852397996435,1,0.5253986
2025-10-30 00:00:00-04:00,ABT,123.26832580566406,0.001928819945923,0,0.5060636
2025-10-30 00:00:00-04:00,AES,13.515350341796877,-0.0243562720682697,1,0.44141108
2025-10-30 00:00:00-04:00,MMM,164.9974822998047,0.0110551246185146,1,0.5346722
2025-10-30 00:00:00-04:00,ADBE,339.239990234375,0.0040845466839658,1,0.5043285
2025-10-30 00:00:00-04:00,AMD,254.83999633789065,-0.0359020569608378,1,0.6587787
2025-10-30 00:00:00-04:00,A,142.7784423828125,0.001117294527418,1,0.49666393
2025-10-30 00:00:00-04:00,ACN,247.154052734375,0.0060544679130964,1,0.5082927
2025-10-30 00:00:00-04:00,ABBV,224.51600646972656,0.0135916338955115,0,0.52046055
2025-10-30 00:00:00-04:00,AOS,65.6404037475586,0.0170781893977078,0,0.5151891
2025-10-31 00:00:00-04:00,ACN,247.9969024658203,0.0034102201526557,0,0.49602517
2025-10-31 00:00:00-04:00,AMD,256.1199951171875,0.005022754660535,1,0.5325684
2025-10-31 00:00:00-04:00,ABBV,214.5200042724609,-0.0445224478844161,0,0.37860906
2025-10-31 00:00:00-04:00,A,145.76626586914062,0.0209262927684648,0,0.4642064
2025-10-31 00:00:00-04:00,MMM,165.0470428466797,0.0003003715340634,0,0.4733095
2025-10-31 00:00:00-04:00,ADBE,340.3099975585937,0.0031541308661147,0,0.5043285
2025-10-31 00:00:00-04:00,AFL,106.07015991210938,0.0032760040443282,0,0.5124784
2025-10-31 00:00:00-04:00,AES,13.540732383728027,0.0018780158330529,0,0.4440477
2025-10-31 00:00:00-04:00,AOS,65.29409790039062,-0.0052758031242433,0,0.5402474
2025-10-31 00:00:00-04:00,ABT,122.2301254272461,-0.0084222801894358,1,0.50876653
2025-11-03 00:00:00-05:00,ADBE,337.4700012207031,-0.0083453214958857,0,0.50910753
2025-11-03 00:00:00-05:00,AFL,105.85244750976562,-0.002052532045998,1,0.5214777
2025-11-03 00:00:00-05:00,AMD,259.6499938964844,0.0137825974019785,0,0.5123987
2025-11-03 00:00:00-05:00,AOS,64.96758270263672,-0.0050006847211829,0,0.5408709
2025-11-03 00:00:00-05:00,ABT,122.44764709472656,0.0017796076598968,1,0.505563
2025-11-03 00:00:00-05:00,ABBV,208.5381774902344,-0.0278847038182462,1,0.5393684
2025-11-03 00:00:00-05:00,AES,13.29666805267334,-0.0180244557043296,0,0.43960565
2025-11-03 00:00:00-05:00,ACN,246.35086059570312,-0.0066373485061735,0,0.4998825
2025-11-03 00:00:00-05:00,A,144.10305786132812,-0.011410102316167,1,0.5780008
2025-11-03 00:00:00-05:00,MMM,160.77464294433594,-0.0258859524451618,0,0.56086385
2025-11-04 00:00:00-05:00,ABBV,212.4047241210937,0.0185411931637331,1,0.49984676
2025-11-04 00:00:00-05:00,AES,13.120941162109377,-0.0132158590308368,1,0.36104614
2025-11-04 00:00:00-05:00,AOS,64.46295928955078,-0.0077673108971231,1,0.53808933
2025-11-04 00:00:00-05:00,ADBE,335.3500061035156,-0.0062820253934245,1,0.5119054
2025-11-04 00:00:00-05:00,ACN,240.85743713378903,-0.0222991851890851,1,0.48634663
2025-11-04 00:00:00-05:00,AMD,250.0500030517578,-0.0369728136737558,1,0.46917474
2025-11-04 00:00:00-05:00,MMM,159.18861389160156,-0.0098649203860057,1,0.5253799
2025-11-04 00:00:00-05:00,A,145.48741149902344,0.0096066916152985,1,0.49249545
2025-11-04 00:00:00-05:00,ABT,124.3856201171875,0.0158269519132669,0,0.5435496
2025-11-04 00:00:00-05:00,AFL,107.67322540283205,0.0172010939369016,1,0.5227818
2025-11-05 00:00:00-05:00,MMM,162.8860626220703,0.0232268416696341,0,0.5369405
2025-11-05 00:00:00-05:00,A,146.1746063232422,0.0047233971457616,1,0.5155227
2025-11-05 00:00:00-05:00,ABT,123.13978576660156,-0.0100159033609528,1,0.510922
2025-11-05 00:00:00-05:00,AES,13.88242530822754,0.0580357869690915,0,0.43946618
2025-11-05 00:00:00-05:00,AOS,65.33367919921875,0.0135072903767405,0,0.53870654
2025-11-05 00:00:00-05:00,AMD,256.3299865722656,0.0251149107932942,0,0.5494659
2025-11-05 00:00:00-05:00,AFL,110.07784271240234,0.0223325464670909,1,0.54226774
2025-11-05 00:00:00-05:00,ACN,245.736083984375,0.0202553299106809,0,0.5047215
2025-11-05 00:00:00-05:00,ABBV,213.27052307128903,0.0040761755830898,1,0.50203854
2025-11-05 00:00:00-05:00,ADBE,335.5299987792969,0.0005367307961989,0,0.5467526
2025-11-06 00:00:00-05:00,AMD,237.6999969482422,-0.0726797120896786,0,0.36912775
2025-11-06 00:00:00-05:00,ABBV,215.5038604736328,0.0104718522287172,1,0.51146877
2025-11-06 00:00:00-05:00,ACN,239.31056213378903,-0.0261480599283682,1,0.48088202
2025-11-06 00:00:00-05:00,A,146.89169311523438,0.0049056864939076,0,0.5155227
2025-11-06 00:00:00-05:00,ABT,123.54517364501952,0.0032920950438091,1,0.5117253
2025-11-06 00:00:00-05:00,AES,13.85313606262207,-0.0021098075412019,0,0.4591486
2025-11-06 00:00:00-05:00,AOS,64.888427734375,-0.0068150373635941,1,0.5408709
2025-11-06 00:00:00-05:00,AFL,112.51213836669922,0.0221143110576476,1,0.5025554
2025-11-06 00:00:00-05:00,MMM,162.42018127441406,-0.002860167040425,1,0.5152812
2025-11-06 00:00:00-05:00,ADBE,327.3500061035156,-0.0243793184083126,0,0.4793796
2025-11-07 00:00:00-05:00,ADBE,326.95001220703125,-0.0012219150420845,1,0.51955634
2025-11-07 00:00:00-05:00,AMD,233.5399932861328,-0.017501067377023,1,0.5054704
2025-11-07 00:00:00-05:00,AOS,65.5612564086914,0.0103690087402128,0,0.53870654
2025-11-07 00:00:00-05:00,AFL,112.89806365966795,0.0034300769549941,0,0.51523024
2025-11-07 00:00:00-05:00,ABT,124.93932342529295,0.0112845345483039,0,0.51764506
2025-11-07 00:00:00-05:00,ABBV,215.62193298339844,0.0005478904624081,0,0.4962376
2025-11-07 00:00:00-05:00,A,146.14474487304688,-0.0050850271131501,0,0.48781934
2025-11-07 00:00:00-05:00,ACN,243.69338989257807,0.0183143933126477,0,0.49011293
2025-11-07 00:00:00-05:00,MMM,163.40151977539062,0.0060419739300656,1,0.5317362
2025-11-07 00:00:00-05:00,AES,13.794561386108398,-0.0042282611135044,1,0.4591486
2025-11-10 00:00:00-05:00,A,145.76626586914062,-0.002589754453607,1,0.50068
2025-11-10 00:00:00-05:00,ADBE,328.8500061035156,0.0058112672443677,1,0.47682214
2025-11-10 00:00:00-05:00,ABT,124.474609375,-0.003719517903191,1,0.5137193
2025-11-10 00:00:00-05:00,AES,13.872661590576172,0.0056616663829864,1,0.467646
2025-11-10 00:00:00-05:00,AOS,65.47219848632812,-0.0013583925513586,0,0.53036237
2025-11-10 00:00:00-05:00,ABBV,215.17921447753903,-0.002053216478184,1,0.5043364
2025-11-10 00:00:00-05:00,MMM,166.2068328857422,0.017168219207555,1,0.4938928
2025-11-10 00:00:00-05:00,AMD,243.97999572753903,0.044703274563407,0,0.49938172
2025-11-10 00:00:00-05:00,AFL,112.39339447021484,-0.0044701314893622,1,0.5207257
2025-11-10 00:00:00-05:00,ACN,242.4935760498047,-0.0049234566571636,0,0.5008292
2025-11-11 00:00:00-05:00,MMM,167.19808959960938,0.0059639949613179,1,0.4984741
2025-11-11 00:00:00-05:00,ABT,125.57212829589844,0.0088172112080462,1,0.53012437
2025-11-11 00:00:00-05:00,AFL,112.60120391845705,0.0018489471665283,1,0.5187664
2025-11-11 00:00:00-05:00,ABBV,221.534896850586,0.0295366928840161,1,0.4915782
2025-11-11 00:00:00-05:00,AOS,65.09620666503906,-0.0057427706718535,1,0.5402474
2025-11-11 00:00:00-05:00,ADBE,333.2200012207031,0.0132887183703196,1,0.51782477
2025-11-11 00:00:00-05:00,AES,13.931238174438477,0.0042224473998628,0,0.4236383
2025-11-11 00:00:00-05:00,A,148.81385803222656,0.0209073899568907,1,0.483114
2025-11-11 00:00:00-05:00,ACN,240.5203094482422,-0.0081373974259723,1,0.49803022
2025-11-11 00:00:00-05:00,AMD,237.5200042724609,-0.0264775455701385,1,0.48088202
2025-11-12 00:00:00-05:00,AFL,113.41263580322266,0.007206245195684,1,0.49410236
2025-11-12 00:00:00-05:00,AMD,258.8900146484375,0.0899714128981865,0,0.50231016
2025-11-12 00:00:00-05:00,AOS,65.67009735107422,0.0088160388359983,0,0.504911
2025-11-12 00:00:00-05:00,MMM,169.58706665039062,0.0142883035117336,0,0.50551635
2025-11-12 00:00:00-05:00,AES,13.735984802246094,-0.0140155074335489,0,0.43247792
2025-11-12 00:00:00-05:00,A,150.9053497314453,0.0140544148701919,0,0.5087063
2025-11-12 00:00:00-05:00,ACN,244.45692443847656,0.0163670793508665,1,0.508847
2025-11-12 00:00:00-05:00,ABBV,229.4647827148437,0.0357951996592484,0,0.5299234
2025-11-12 00:00:00-05:00,ADBE,337.04998779296875,0.0114938675896856,0,0.5234786
2025-11-12 00:00:00-05:00,ABT,127.37167358398438,0.0143307699925694,1,0.5250039
2025-11-13 00:00:00-05:00,ACN,245.4881896972656,0.0042185970438672,0,0.49230412
2025-11-13 00:00:00-05:00,AOS,65.3930435180664,-0.0042188734931619,0,0.5070889
2025-11-13 00:00:00-05:00,ABT,127.80670928955078,0.0034154823700227,1,0.5155875
2025-11-13 00:00:00-05:00,MMM,169.13107299804688,-0.0026888468640346,0,0.49838233
2025-11-13 00:00:00-05:00,AMD,247.9600067138672,-0.0422187311836372,0,0.49167508
2025-11-13 00:00:00-05:00,AFL,113.80845642089844,0.0034900927473597,0,0.5045748
2025-11-13 00:00:00-05:00,ABBV,228.5399627685547,-0.00403033500543,1,0.49460164
2025-11-13 00:00:00-05:00,AES,13.345480918884276,-0.0284292600045658,1,0.46365753
2025-11-13 00:00:00-05:00,A,146.2941131591797,-0.0305571444648707,0,0.41819254
2025-11-13 00:00:00-05:00,ADBE,333.6000061035156,-0.0102358160937606,0,0.5135593
2025-11-14 00:00:00-05:00,A,146.22442626953125,-0.0004763478730863,0,0.49117827
2025-11-14 00:00:00-05:00,ACN,243.1480255126953,-0.0095326955950759,0,0.49803022
2025-11-14 00:00:00-05:00,ABBV,228.6088409423828,0.0003013834998208,1,0.46911272
2025-11-14 00:00:00-05:00,MMM,166.83140563964844,-0.0135969536385841,0,0.4901254
2025-11-14 00:00:00-05:00,AES,13.49191951751709,0.010972897831325,1,0.4537479
2025-11-14 00:00:00-05:00,ADBE,331.1099853515625,-0.0074640908465105,0,0.5017262
2025-11-14 00:00:00-05:00,AMD,246.8099975585937,-0.0046378816104829,0,0.5008292
2025-11-14 00:00:00-05:00,AOS,64.05728149414062,-0.0204266685271613,0,0.4992223
2025-11-14 00:00:00-05:00,AFL,113.14545440673828,-0.0058255953468709,0,0.5678088
2025-11-14 00:00:00-05:00,ABT,129.12176513671875,0.0102894116786049,0,0.47921398
2025-11-17 00:00:00-05:00,AFL,111.09707641601562,-0.0181039353411326,0,0.5750813
2025-11-17 00:00:00-05:00,ABBV,230.2223663330078,0.0070580183337338,0,0.49816942
2025-11-17 00:00:00-05:00,AMD,240.5200042724609,-0.0254851640871619,0,0.4874942
2025-11-17 00:00:00-05:00,AOS,62.642364501953125,-0.0220883084511933,1,0.4992223
2025-11-17 00:00:00-05:00,MMM,164.65118408203125,-0.0130684120849907,1,0.4901254
2025-11-17 00:00:00-05:00,AES,13.58954620361328,0.0072359374786838,0,0.4537479
2025-11-17 00:00:00-05:00,ADBE,325.07000732421875,-0.0182416063983412,0,0.52634436
2025-11-17 00:00:00-05:00,A,143.93373107910156,-0.0156656124347331,0,0.49884188
2025-11-17 00:00:00-05:00,ACN,239.3006591796875,-0.0158231444606443,0,0.4964695
2025-11-17 00:00:00-05:00,ABT,128.56805419921875,-0.004288285068855,0,0.49067286
2025-11-18 00:00:00-05:00,AFL,110.59241485595705,-0.0045425278174631,0,0.5207257
2025-11-18 00:00:00-05:00,AES,13.394294738769531,-0.0143677693072512,1,0.4389873
2025-11-18 00:00:00-05:00,AOS,62.71162796020508,0.0011056967405786,1,0.5009591
2025-11-18 00:00:00-05:00,ABT,128.5384063720703,-0.0002306002632854,0,0.50792426
2025-11-18 00:00:00-05:00,AMD,230.2899932861328,-0.0425328904232827,0,0.48268008
2025-11-18 00:00:00-05:00,A,143.25648498535156,-0.004705263239357,1,0.47891805
2025-11-18 00:00:00-05:00,ACN,237.9818420410156,-0.0055111304047082,1,0.5008292
2025-11-18 00:00:00-05:00,MMM,165.0493927001953,0.0024184983569002,1,0.49230412
2025-11-18 00:00:00-05:00,ADBE,324.4700012207031,-0.0018457750330598,0,0.5163558
2025-11-18 00:00:00-05:00,ABBV,230.094467163086,-0.0005555462397465,0,0.51140434
2025-11-19 00:00:00-05:00,AFL,108.8218231201172,-0.0160100648687885,1,0.53262687
2025-11-19 00:00:00-05:00,AES,13.443107604980469,0.0036443028291477,0,0.4236383
2025-11-19 00:00:00-05:00,AOS,62.93920135498047,0.0036288867340488,0,0.4923427
2025-11-19 00:00:00-05:00,MMM,165.83587646484375,0.004765141826829,0,0.52193487
2025-11-19 00:00:00-05:00,ABBV,229.14996337890625,-0.0041048522192855,0,0.5186192
2025-11-19 00:00:00-05:00,ADBE,318.1099853515625,-0.0196012446303612,0,0.5115667
2025-11-19 00:00:00-05:00,AMD,223.5500030517578,-0.0292674038424267,0,0.41588545
2025-11-19 00:00:00-05:00,ABT,124.73168182373048,-0.0296154640140845,0,0.41857702
2025-11-19 00:00:00-05:00,A,143.814208984375,0.0038931850036698,1,0.4856786
2025-11-19 00:00:00-05:00,ACN,239.05274963378903,0.0044999550536668,0,0.49853125
2025-11-20 00:00:00-05:00,A,144.47154235839844,0.0045707123007217,1,0.5044109
2025-11-20 00:00:00-05:00,AOS,62.5829963684082,-0.0056595091596928,1,0.5070889
2025-11-20 00:00:00-05:00,AES,13.189279556274414,-0.0188816497021875,1,0.4389873
2025-11-20 00:00:00-05:00,ACN,238.7651824951172,-0.0012029442836879,1,0.50119555
2025-11-20 00:00:00-05:00,ADBE,312.3999938964844,-0.0179497397693054,1,0.416049
2025-11-20 00:00:00-05:00,ABT,122.5761947631836,-0.017280990916109,1,0.49923685
2025-11-20 00:00:00-05:00,AMD,206.0200042724609,-0.0784164551106637,0,0.37860906
2025-11-20 00:00:00-05:00,AFL,109.96574401855467,0.0105118703734159,1,0.5517585
2025-11-20 00:00:00-05:00,ABBV,225.74581909179688,-0.0148555305744497,1,0.5553173
2025-11-20 00:00:00-05:00,MMM,163.8746795654297,-0.011826131602047,1,0.5054704
2025-11-21 00:00:00-05:00,ABT,126.66964721679688,0.0333951666677352,0,0.52758855
2025-11-21 00:00:00-05:00,AMD,203.77999877929688,-0.0108727572406106,1,0.49080688
2025-11-21 00:00:00-05:00,ABBV,232.46554565429688,0.029766781903356,0,0.51868886
2025-11-21 00:00:00-05:00,MMM,167.33912658691406,0.0211408317054933,1,0.511726
2025-11-21 00:00:00-05:00,AES,13.423582077026367,0.0177646185868045,1,0.4361145
2025-11-21 00:00:00-05:00,AOS,64.41348266601562,0.029248939869096,0,0.51809007
2025-11-21 00:00:00-05:00,AFL,110.39347076416016,0.0038896362628466,0,0.5260875
2025-11-21 00:00:00-05:00,ADBE,324.19000244140625,0.0377401049144341,0,0.52133447
2025-11-21 00:00:00-05:00,ACN,249.7321929931641,0.0459322016025982,0,0.49938172
2025-11-21 00:00:00-05:00,A,150.63644409179688,0.0426720836004146,1,0.53986776
2025-11-24 00:00:00-05:00,ABT,125.75999450683594,-0.0071812997821336,1,0.5127733
2025-11-24 00:00:00-05:00,AOS,63.42403030395508,-0.015360951172146,1,0.4230582
2025-11-24 00:00:00-05:00,ADBE,318.7300109863281,-0.016841948900213,1,0.5084938
2025-11-24 00:00:00-05:00,AES,13.550496101379396,0.009454557183379,0,0.53708583
2025-11-24 00:00:00-05:00,A,152.97691345214844,0.0155372053188225,1,0.5367321
2025-11-24 00:00:00-05:00,ACN,241.57139587402344,-0.032678194274152,1,0.40608063
2025-11-24 00:00:00-05:00,AMD,215.0500030517578,0.055304761703659,0,0.45722288
2025-11-24 00:00:00-05:00,MMM,168.8025665283203,0.00874535424712,1,0.5186307
2025-11-24 00:00:00-05:00,ABBV,225.80484008789065,-0.0286524420109612,1,0.5774935
2025-11-24 00:00:00-05:00,AFL,109.79663848876952,-0.0054064091948489,1,0.4936526
2025-11-25 00:00:00-05:00,A,156.5623016357422,0.0234374462308344,0,0.5369405
2025-11-25 00:00:00-05:00,ABBV,228.0578765869141,0.0099778042762346,0,0.5186307
2025-11-25 00:00:00-05:00,AFL,111.04003143310548,0.0113245083041695,0,0.51568025
2025-11-25 00:00:00-05:00,ADBE,319.54998779296875,0.0025726375878543,0,0.51406
2025-11-25 00:00:00-05:00,AOS,64.72022247314453,0.0204369252943648,1,0.43857187
2025-11-25 00:00:00-05:00,ABT,126.6103286743164,0.0067615633319246,1,0.5250039
2025-11-25 00:00:00-05:00,MMM,170.77371215820312,0.0116772254736547,0,0.5186307
2025-11-25 00:00:00-05:00,AMD,206.1300048828125,-0.0414787167745283,1,0.4809599
2025-11-25 00:00:00-05:00,AES,13.482158660888672,-0.0050431688979836,1,0.44675148
2025-11-25 00:00:00-05:00,ACN,247.1342163085937,0.0230276453652287,0,0.51403254
2025-11-26 00:00:00-05:00,AOS,65.6305160522461,0.0140650563968516,0,0.4315797
2025-11-26 00:00:00-05:00,ADBE,317.5199890136719,-0.0063526798837246,1,0.51285154
2025-11-26 00:00:00-05:00,AFL,109.96574401855467,-0.0096747758505273,0,0.51517993
2025-11-26 00:00:00-05:00,ABBV,223.98471069335932,-0.0178602289669326,1,0.510879
2025-11-26 00:00:00-05:00,AMD,214.2400054931641,0.0393441052648411,1,0.5121582
2025-11-26 00:00:00-05:00,ACN,245.7658233642578,-0.0055370436549636,1,0.46461844
2025-11-26 00:00:00-05:00,A,153.7437744140625,-0.0180025918898233,0,0.5146573
2025-11-26 00:00:00-05:00,AES,13.579782485961914,0.0072409639679176,1,0.4537479
2025-11-26 00:00:00-05:00,ABT,127.09480285644533,0.0038264981001285,1,0.5155875
2025-11-26 00:00:00-05:00,MMM,170.0370330810547,-0.0043137732841808,1,0.51150304
2025-11-28 00:00:00-05:00,ACN,247.8977508544922,0.0086746296171318,1,0.5017357
2025-11-28 00:00:00-05:00,AOS,65.28421020507812,-0.0052765979608065,1,0.41582334
2025-11-28 00:00:00-05:00,AMD,217.52999877929688,0.0153565776781954,1,0.53042644
2025-11-28 00:00:00-05:00,AES,13.72622299194336,0.0107837151392393,0,0.4475808
2025-11-28 00:00:00-05:00,ADBE,320.1300048828125,0.0082200049113387,1,0.519978
2025-11-28 00:00:00-05:00,MMM,171.2814483642578,0.0073184956280079,0,0.5186307
2025-11-28 00:00:00-05:00,AFL,109.7270050048828,-0.0021710307678325,0,0.5214777
2025-11-28 00:00:00-05:00,ABBV,224.0240631103516,0.000175692425034,0,0.51140434
2025-11-28 00:00:00-05:00,A,152.87730407714844,-0.0056358076300409,0,0.5110518
2025-11-28 00:00:00-05:00,ABT,127.45075225830078,0.0028006605609003,0,0.4984261
2025-12-01 00:00:00-05:00,MMM,169.71844482421875,-0.0091253521905949,1,0.52160734
2025-12-01 00:00:00-05:00,AES,13.65788459777832,-0.0049786743378095,0,0.42650193
2025-12-01 00:00:00-05:00,ABBV,221.4758758544922,-0.011374614050296,0,0.3102813
2025-12-01 00:00:00-05:00,ACN,255.2652587890625,0.0297199466682325,1,0.5414296
2025-12-01 00:00:00-05:00,AFL,108.97103118896484,-0.0068895876259842,0,0.5214777
2025-12-01 00:00:00-05:00,A,149.49110412597656,-0.0221497884961593,0,0.5141467
2025-12-01 00:00:00-05:00,AMD,219.759994506836,0.0102514399855333,0,0.5079628
2025-12-01 00:00:00-05:00,AOS,65.32378387451172,0.0006061752039165,0,0.5372232
2025-12-01 00:00:00-05:00,ADBE,322.8500061035156,0.008496551960816,0,0.49940538
2025-12-01 00:00:00-05:00,ABT,126.57076263427734,-0.0069045463320607,0,0.5367361
2025-12-02 00:00:00-05:00,ABT,124.89977264404295,-0.0132020219792992,0,0.51835597
2025-12-02 00:00:00-05:00,AOS,65.26441955566406,-0.0009087703639718,1,0.5002339
2025-12-02 00:00:00-05:00,AFL,108.25482940673828,-0.0065724052935188,1,0.5214777
2025-12-02 00:00:00-05:00,ADBE,322.8099975585937,-0.0001239230111989,1,0.5160535
2025-12-02 00:00:00-05:00,ACN,258.8250732421875,0.0139455500917444,1,0.5186307
2025-12-02 00:00:00-05:00,MMM,170.7936248779297,0.0063350807558042,1,0.5082927
2025-12-02 00:00:00-05:00,ABBV,220.7478179931641,-0.0032873009690971,1,0.49460164
2025-12-02 00:00:00-05:00,AES,13.628596305847168,-0.0021444237371808,0,0.44675148
2025-12-02 00:00:00-05:00,AMD,215.2400054931641,-0.0205678427678122,1,0.49296263
2025-12-02 00:00:00-05:00,A,148.20632934570312,-0.0085943226373574,1,0.5008643
2025-12-03 00:00:00-05:00,ACN,270.5556030273437,0.0453222311046337,0,0.57748955
2025-12-03 00:00:00-05:00,AOS,66.61006927490234,0.0206184277497569,0,0.49567643
2025-12-03 00:00:00-05:00,ABBV,226.52305603027344,0.0261621523130444,0,0.52464914
2025-12-03 00:00:00-05:00,AFL,108.4637222290039,0.0019296397528905,1,0.49976218
2025-12-03 00:00:00-05:00,A,148.6544952392578,0.003023932213511,0,0.5148163
2025-12-03 00:00:00-05:00,AES,13.38453197479248,-0.0179082515599918,1,0.4389873
2025-12-03 00:00:00-05:00,ABT,123.88135528564452,-0.0081538767992865,1,0.510922
2025-12-03 00:00:00-05:00,MMM,172.31678771972656,0.0089181481035109,0,0.49816942
2025-12-03 00:00:00-05:00,ADBE,326.7799987792969,0.0122982598145293,1,0.519978
2025-12-03 00:00:00-05:00,AMD,217.6000061035156,0.0109645072947484,0,0.5058069
2025-12-04 00:00:00-05:00,AMD,215.97999572753903,-0.0074449004160684,1,0.5043364
2025-12-04 00:00:00-05:00,AOS,66.49134063720703,-0.0017824427896225,1,0.5002339
2025-12-04 00:00:00-05:00,ABT,123.99011993408205,0.0008779743181428,0,0.5082194
2025-12-04 00:00:00-05:00,AES,13.599308967590332,0.0160466569322219,0,0.50047547
2025-12-04 00:00:00-05:00,AFL,108.66265869140624,0.0018341290370094,1,0.5241037
2025-12-04 00:00:00-05:00,MMM,168.5138702392578,-0.0220693382855662,0,0.48634663
2025-12-04 00:00:00-05:00,ADBE,328.7300109863281,0.0059673548390832,1,0.4923635
2025-12-04 00:00:00-05:00,ACN,267.0751037597656,-0.0128642660829548,0,0.5553173
2025-12-04 00:00:00-05:00,A,147.71832275390625,-0.0062976399324137,0,0.5036633
2025-12-04 00:00:00-05:00,ABBV,225.0177764892578,-0.0066451493609306,0,0.48025626
2025-12-05 00:00:00-05:00,ADBE,346.260009765625,0.0533264326147147,0,0.48816615
2025-12-05 00:00:00-05:00,ACN,264.3482360839844,-0.0102101155719631,0,0.56091267
2025-12-05 00:00:00-05:00,AOS,67.31259155273438,0.0123512461571242,0,0.52713174
2025-12-05 00:00:00-05:00,MMM,166.7318572998047,-0.0105748739668907,0,0.4970835
2025-12-05 00:00:00-05:00,AMD,217.97000122070312,0.0092138417100189,1,0.51146877
2025-12-05 00:00:00-05:00,ABBV,222.4302215576172,-0.011499335616998,0,0.49296263
2025-12-05 00:00:00-05:00,AES,13.58954620361328,-0.0007178867691233,0,0.44060278
2025-12-05 00:00:00-05:00,ABT,123.67371368408205,-0.0025518666339561,0,0.51722324
2025-12-05 00:00:00-05:00,AFL,108.70245361328124,0.0003662244450324,0,0.4765492
2025-12-05 00:00:00-05:00,A,144.89981079101562,-0.0190803138726816,0,0.50925046
2025-12-08 00:00:00-05:00,ABBV,219.5180053710937,-0.0130927180943759,0,0.4964695
2025-12-08 00:00:00-05:00,AOS,66.4418716430664,-0.0129354685294774,0,0.5035468
2025-12-08 00:00:00-05:00,A,141.8621826171875,-0.0209636448608563,0,0.50925046
2025-12-08 00:00:00-05:00,AMD,221.1100006103516,0.0144056492731268,1,0.5079628
2025-12-08 00:00:00-05:00,ACN,264.2590026855469,-0.0003375600297523,1,0.50847095
2025-12-08 00:00:00-05:00,AES,13.530970573425291,-0.0043103448275861,1,0.44060278
2025-12-08 00:00:00-05:00,AFL,107.48889923095705,-0.0111640017495973,0,0.51362044
2025-12-08 00:00:00-05:00,ABT,120.71732330322266,-0.0239047594900507,0,0.49822888
2025-12-08 00:00:00-05:00,MMM,163.2275848388672,-0.021017413934497,1,0.5054704
2025-12-08 00:00:00-05:00,ADBE,339.1199951171875,-0.0206203848179592,1,0.5228898
2025-12-09 00:00:00-05:00,AES,13.628596305847168,0.0072149837213904,0,0.50524384
2025-12-09 00:00:00-05:00,AFL,107.44911193847656,-0.0003701525717088,0,0.5214777
2025-12-09 00:00:00-05:00,MMM,164.35252380371094,0.0068918434709075,1,0.5017357
2025-12-09 00:00:00-05:00,AOS,65.72946166992188,-0.010722304407252,1,0.51597023
2025-12-09 00:00:00-05:00,ADBE,344.32000732421875,0.0153338413597061,0,0.5713628
2025-12-09 00:00:00-05:00,ACN,267.2635192871094,0.011369590330051,1,0.51593614
2025-12-09 00:00:00-05:00,AMD,221.6199951171875,0.0023065194040436,0,0.49853125
2025-12-09 00:00:00-05:00,A,140.06947326660156,-0.0126369784921717,1,0.47617784
2025-12-09 00:00:00-05:00,ABT,119.88677215576172,-0.0068801322356587,1,0.51156443
2025-12-09 00:00:00-05:00,ABBV,219.39010620117188,-0.0005826363523376,1,0.50754064
2025-12-10 00:00:00-05:00,AMD,221.4199981689453,-0.0009024318773062,1,0.49780607
2025-12-10 00:00:00-05:00,ABT,121.17215728759766,0.0107216593517582,1,0.51764506
2025-12-10 00:00:00-05:00,MMM,164.91998291015625,0.0034526948130291,1,0.511038
2025-12-10 00:00:00-05:00,ACN,269.930908203125,0.0099803703967176,0,0.53090763
2025-12-10 00:00:00-05:00,AOS,67.20375061035156,0.0224296518330429,1,0.5339316
2025-12-10 00:00:00-05:00,ADBE,343.1300048828125,-0.0034560943775936,1,0.5235129
2025-12-10 00:00:00-05:00,AFL,106.62349700927734,-0.0076837762016307,1,0.5214777
2025-12-10 00:00:00-05:00,AES,13.472394943237305,-0.0114612949935898,1,0.43247792
2025-12-10 00:00:00-05:00,A,142.88800048828125,0.0201223518297597,0,0.47207567
2025-12-10 00:00:00-05:00,ABBV,221.54473876953125,0.009821010644772,0,0.5079628
2025-12-11 00:00:00-05:00,ADBE,350.42999267578125,0.0212746996447072,1,0.5009261
2025-12-11 00:00:00-05:00,A,142.29042053222656,-0.0041821563323205,0,0.50670856
2025-12-11 00:00:00-05:00,ABT,121.89395141601562,0.0059567655192009,1,0.5231019
2025-12-11 00:00:00-05:00,ABBV,220.36412048339844,-0.0053290287672368,0,0.5008292
2025-12-11 00:00:00-05:00,ACN,268.096435546875,-0.0067960822584627,1,0.50844973
2025-12-11 00:00:00-05:00,AOS,67.8567886352539,0.0097172854040346,1,0.5060462
2025-12-11 00:00:00-05:00,AES,13.667646408081056,0.0144927064316624,0,0.5458976
2025-12-11 00:00:00-05:00,MMM,167.84686279296875,0.0177472725328076,1,0.50068873
2025-12-11 00:00:00-05:00,AFL,108.27472686767578,0.0154865475689167,1,0.54429734
2025-12-11 00:00:00-05:00,AMD,221.42999267578125,4.513823014451468e-05,0,0.51470554
2025-12-12 00:00:00-05:00,ACN,269.27642822265625,0.0044013739808745,1,0.5092061
2025-12-12 00:00:00-05:00,MMM,168.1455078125,0.00177927078625,0,0.49230412
2025-12-12 00:00:00-05:00,ABT,124.0494384765625,0.0176832979447056,1,0.506028
2025-12-12 00:00:00-05:00,AMD,210.77999877929688,-0.0480964379205762,0,0.37757146
2025-12-12 00:00:00-05:00,A,139.1133575439453,-0.0223280174195682,1,0.48984206
2025-12-12 00:00:00-05:00,AFL,109.4683837890625,0.0110243355575074,1,0.50132996
2025-12-12 00:00:00-05:00,AES,13.50168228149414,-0.01214284607837,1,0.43247792
2025-12-12 00:00:00-05:00,ADBE,356.42999267578125,0.0171218221196929,0,0.54040253
2025-12-12 00:00:00-05:00,AOS,67.99531555175781,0.0020414599524967,1,0.5145852
2025-12-12 00:00:00-05:00,ABBV,219.7147827148437,-0.0029466583177438,1,0.5043364
2025-12-15 00:00:00-05:00,ADBE,351.1499938964844,-0.0148135647610881,0,0.58321565
2025-12-15 00:00:00-05:00,A,140.02964782714844,0.0065866448727878,0,0.51433796
2025-12-15 00:00:00-05:00,ABBV,223.77810668945312,0.0184936303529608,0,0.508847
2025-12-15 00:00:00-05:00,AES,13.530970573425291,0.0021692327904423,0,0.4236383
2025-12-15 00:00:00-05:00,ABT,127.02560424804688,0.0239917714101276,0,0.5221054
2025-12-15 00:00:00-05:00,AFL,110.91072082519533,0.0131758320184218,0,0.51568025
2025-12-15 00:00:00-05:00,ACN,272.3503723144531,0.0114155706538676,0,0.51221085
2025-12-15 00:00:00-05:00,AOS,68.09425354003906,0.0014550706541827,0,0.46303302
2025-12-15 00:00:00-05:00,AMD,207.5800018310547,-0.0151816916537362,1,0.49296263
2025-12-15 00:00:00-05:00,MMM,164.95980834960938,-0.0189460872570144,0,0.49296263
2025-12-16 00:00:00-05:00,ADBE,347.8900146484375,-0.0092837229238508,1,0.53067285
2025-12-16 00:00:00-05:00,MMM,162.47097778320312,-0.015087496713936,0,0.4964695
2025-12-16 00:00:00-05:00,AFL,108.91133880615234,-0.0180269500023733,1,0.51011515
2025-12-16 00:00:00-05:00,ACN,269.7524108886719,-0.0095390412126247,1,0.5371633
2025-12-16 00:00:00-05:00,A,138.6253662109375,-0.0100284592441763,0,0.50957495
2025-12-16 00:00:00-05:00,AOS,67.22354125976562,-0.0127868687151619,1,0.51030207
2025-12-16 00:00:00-05:00,ABT,125.43370056152344,-0.0125321481125559,0,0.51835597
2025-12-16 00:00:00-05:00,ABBV,220.0591278076172,-0.0166190470410804,1,0.4964695
2025-12-16 00:00:00-05:00,AMD,209.1699981689453,0.0076596797565533,0,0.5017357
2025-12-16 00:00:00-05:00,AES,13.29666805267334,-0.0173160173160171,0,0.41882327
2025-12-17 00:00:00-05:00,AOS,67.362060546875,0.002060577061451,1,0.5129668
2025-12-17 00:00:00-05:00,ACN,271.4381103515625,0.0062490617130621,0,0.50517064
2025-12-17 00:00:00-05:00,AFL,109.91600799560548,0.0092246519092131,0,0.51568025
2025-12-17 00:00:00-05:00,ABBV,220.68878173828125,0.0028612943118384,0,0.49853125
2025-12-17 00:00:00-05:00,MMM,161.44557189941406,-0.006311317244347,0,0.50811666
2025-12-17 00:00:00-05:00,ABT,125.28538513183594,-0.0011824209046177,0,0.49313998
2025-12-17 00:00:00-05:00,ADBE,354.6600036621094,0.0194601417937025,1,0.5103193
2025-12-17 00:00:00-05:00,AES,13.159991264343262,-0.01027902537603,1,0.41217738
2025-12-17 00:00:00-05:00,AMD,198.1100006103516,-0.0528756401750342,1,0.37860906
2025-12-17 00:00:00-05:00,A,136.10562133789062,-0.0181766507957333,1,0.486981
2025-12-18 00:00:00-05:00,AOS,67.47090148925781,0.0016157602884947,0,0.5145852
2025-12-18 00:00:00-05:00,ACN,267.6898803710937,-0.0138087830615021,1,0.5532237
2025-12-18 00:00:00-05:00,ABT,123.71327209472656,-0.0125482556122173,1,0.50585544
2025-12-18 00:00:00-05:00,AMD,201.0599975585937,0.0148907018280428,1,0.5361951
2025-12-18 00:00:00-05:00,ADBE,355.8099975585937,0.0032425249100824,1,0.5334898
2025-12-18 00:00:00-05:00,ABBV,219.2228546142578,-0.0066425085701089,1,0.5008292
2025-12-18 00:00:00-05:00,A,136.34463500976562,0.0017560896421877,1,0.5282299
2025-12-18 00:00:00-05:00,AFL,109.87621307373048,-0.0003620484641017,0,0.5117536
2025-12-18 00:00:00-05:00,MMM,161.0373992919922,-0.0025282366225329,1,0.5024538
2025-12-18 00:00:00-05:00,AES,13.355244636535645,0.0148368922342234,0,0.44469485
2025-12-19 00:00:00-05:00,AMD,213.42999267578125,0.0615238996687175,1,0.46510202
2025-12-19 00:00:00-05:00,ADBE,355.8599853515625,0.0001404901304398,1,0.5389635
2025-12-19 00:00:00-05:00,ABBV,223.1582794189453,0.0179517086008766,1,0.49011293
2025-12-19 00:00:00-05:00,ABT,124.03955078125,0.002637378197172,0,0.5082194
2025-12-19 00:00:00-05:00,AFL,109.77674865722656,-0.000905240667852,0,0.5117536
2025-12-19 00:00:00-05:00,MMM,161.2365264892578,0.0012365276522168,0,0.5058192
2025-12-19 00:00:00-05:00,AES,13.2088041305542,-0.0109650186100546,1,0.40727463
2025-12-19 00:00:00-05:00,A,136.6832733154297,0.0024836936608456,1,0.4419847
2025-12-19 00:00:00-05:00,AOS,67.29280853271484,-0.0026395520529887,1,0.53642845
2025-12-19 00:00:00-05:00,ACN,269.96063232421875,0.0084827709959642,0,0.5186307
2025-12-22 00:00:00-05:00,AES,13.530970573425291,0.0243902808828746,1,0.48843977
2025-12-22 00:00:00-05:00,AMD,214.9499969482422,0.00712179320912,0,0.5017357
2025-12-22 00:00:00-05:00,AOS,67.3917465209961,0.0014702609452412,0,0.52358955
2025-12-22 00:00:00-05:00,A,137.9580841064453,0.009326750523992,0,0.509498
2025-12-22 00:00:00-05:00,AFL,109.4683837890625,-0.0028090180474092,1,0.5207668
2025-12-22 00:00:00-05:00,ABT,123.79236602783205,-0.0019927898147089,0,0.5376
2025-12-22 00:00:00-05:00,ABBV,224.23068237304688,0.0048055709915575,1,0.5458461
2025-12-22 00:00:00-05:00,ACN,268.3939514160156,-0.0058033680493145,1,0.5072722
2025-12-22 00:00:00-05:00,ADBE,357.5299987792969,0.0046928946677848,0,0.56285125
2025-12-22 00:00:00-05:00,MMM,159.28526306152344,-0.0121018696583269,1,0.51893795
2025-12-23 00:00:00-05:00,ADBE,352.4200134277344,-0.0142924660000821,1,0.56716144
2025-12-23 00:00:00-05:00,ABT,123.13978576660156,-0.0052715711167824,1,0.5376
2025-12-23 00:00:00-05:00,AMD,214.8999938964844,-0.0002326264362303,1,0.51653636
2025-12-23 00:00:00-05:00,ACN,268.4930725097656,0.0003693119506869,0,0.48781198
2025-12-23 00:00:00-05:00,AOS,67.02565002441406,-0.0054323639834438,1,0.49116775
2025-12-23 00:00:00-05:00,AES,13.57002067565918,0.0028859793923861,1,0.4236383
2025-12-23 00:00:00-05:00,A,137.79873657226562,-0.0011550431075625,0,0.48994836
2025-12-23 00:00:00-05:00,MMM,159.43458557128906,0.0009374533895702,1,0.49965525
2025-12-23 00:00:00-05:00,ABBV,225.09646606445312,0.0038611294504553,1,0.511038
2025-12-23 00:00:00-05:00,AFL,110.13484191894533,0.0060881334574833,0,0.52685547
2025-12-24 00:00:00-05:00,ACN,267.7097473144531,-0.0029174875462903,1,0.49460164
2025-12-24 00:00:00-05:00,MMM,159.62374877929688,0.0011864628200337,1,0.5244965
2025-12-24 00:00:00-05:00,AOS,67.24332427978516,0.0032476261743348,0,0.5187489
2025-12-24 00:00:00-05:00,ABBV,226.17872619628903,0.0048079836647725,1,0.52193487
2025-12-24 00:00:00-05:00,AMD,215.0399932861328,0.0006514629763825,0,0.49230412
2025-12-24 00:00:00-05:00,ABT,123.40674591064452,0.0021679438727377,1,0.5321242
2025-12-24 00:00:00-05:00,ADBE,352.9800109863281,0.0015890061212673,1,0.5212195
2025-12-24 00:00:00-05:00,AES,13.628596305847168,0.0043165468637094,1,0.4236383
2025-12-24 00:00:00-05:00,AFL,110.03536987304688,-0.0009031841710152,0,0.49078172
2025-12-24 00:00:00-05:00,A,137.75889587402344,-0.0002891223768317,1,0.5055693
2025-12-26 00:00:00-05:00,ACN,268.8103942871094,0.0041113444082534,1,0.5059034
2025-12-26 00:00:00-05:00,AMD,214.9900054931641,-0.0002324581218815,1,0.51653636
2025-12-26 00:00:00-05:00,MMM,161.35597229003906,0.0108519159836124,0,0.5152469
2025-12-26 00:00:00-05:00,ABT,123.43640899658205,0.0002403684313903,0,0.5189258
2025-12-26 00:00:00-05:00,AOS,67.04544067382812,-0.002942799275266,1,0.51896113
2025-12-26 00:00:00-05:00,AES,13.735984802246094,0.0078796446815914,1,0.4475808
2025-12-26 00:00:00-05:00,ADBE,353.79998779296875,0.0023230120151829,0,0.50804955
2025-12-26 00:00:00-05:00,A,137.82859802246094,0.0005059720317535,0,0.47558862
2025-12-26 00:00:00-05:00,AFL,109.31917572021484,-0.0065087630791657,1,0.51703024
2025-12-26 00:00:00-05:00,ABBV,226.26724243164065,0.0003913552651049,1,0.48268047
2025-12-29 00:00:00-05:00,AMD,215.6100006103516,0.0028838322775297,0,0.49853125
2025-12-29 00:00:00-05:00,ABT,123.16944885253906,-0.0021627342063261,1,0.5324892
2025-12-29 00:00:00-05:00,AOS,67.362060546875,0.0047224668801448,0,0.5456248
2025-12-29 00:00:00-05:00,AES,13.794561386108398,0.0042644619010299,1,0.480902
2025-12-29 00:00:00-05:00,A,137.37046813964844,-0.003323910199956,0,0.4954075
2025-12-29 00:00:00-05:00,AFL,109.3788604736328,0.0005459678324937,1,0.56665343
2025-12-29 00:00:00-05:00,ACN,269.05828857421875,0.0009221901101212,0,0.5059034
2025-12-29 00:00:00-05:00,ADBE,353.1600036621094,-0.0018088868087634,0,0.5235129
2025-12-29 00:00:00-05:00,ABBV,227.1133728027344,0.0037395177578538,0,0.5092061
2025-12-29 00:00:00-05:00,MMM,160.99758911132812,-0.0022210716692081,0,0.50461
2025-12-30 00:00:00-05:00,AFL,110.21442413330078,0.0076391695438207,0,0.5517585
2025-12-30 00:00:00-05:00,AMD,215.33999633789065,-0.0012522808389991,0,0.50403386
2025-12-30 00:00:00-05:00,AES,14.155776977539062,0.0261853625729935,0,0.5882724
2025-12-30 00:00:00-05:00,ADBE,352.510009765625,-0.001840508239167,0,0.52021575
2025-12-30 00:00:00-05:00,A,137.0617218017578,-0.002247545211659,0,0.49190077
2025-12-30 00:00:00-05:00,ABBV,226.03114318847656,-0.0047651514347323,0,0.48504618
2025-12-30 00:00:00-05:00,ACN,267.72955322265625,-0.004938466525613,0,0.4855384
2025-12-30 00:00:00-05:00,ABT,124.3658447265625,0.0097134142043273,0,0.5396845
2025-12-30 00:00:00-05:00,MMM,160.45004272460938,-0.0034009601618327,0,0.50811666
2025-12-30 00:00:00-05:00,AOS,67.02565002441406,-0.0049940652012394,0,0.5100284
2025-12-31 00:00:00-05:00,AFL,109.68721771240234,-0.0047834611943423,0,0.5051503
2025-12-31 00:00:00-05:00,ACN,266.0438537597656,-0.0062962771296627,0,0.5008292
2025-12-31 00:00:00-05:00,ABBV,224.8013153076172,-0.0054409665124504,1,0.4718893
2025-12-31 00:00:00-05:00,MMM,159.38482666015625,-0.0066389266488474,1,0.50811666
2025-12-31 00:00:00-05:00,A,135.5180206298828,-0.0112628175947459,1,0.43963578
2025-12-31 00:00:00-05:00,ADBE,349.989990234375,-0.007148788577452,0,0.5335953
2025-12-31 00:00:00-05:00,AOS,66.17471313476562,-0.0126956902221535,1,0.49859467
2025-12-31 00:00:00-05:00,AMD,214.16000366210932,-0.005479672591476,1,0.5008292
2025-12-31 00:00:00-05:00,AES,13.9995756149292,-0.0110344605497605,1,0.5811208
2025-12-31 00:00:00-05:00,ABT,123.88135528564452,-0.0038956792516724,0,0.5324892
2026-01-02 00:00:00-05:00,AFL,109.65737915039062,-0.0002720331742751,1,0.5299583
2026-01-02 00:00:00-05:00,AES,14.468179702758787,0.0334727352256212,0,0.59637225
2026-01-02 00:00:00-05:00,ACN,257.7640991210937,-0.0311217662865027,1,0.41588545
2026-01-02 00:00:00-05:00,ABBV,225.6080780029297,0.0035887810274086,0,0.4601655
2026-01-02 00:00:00-05:00,ADBE,333.29998779296875,-0.0476870850798606,0,0.36192295
2026-01-02 00:00:00-05:00,AOS,67.59953308105469,0.0215311843269709,1,0.50501776
2026-01-02 00:00:00-05:00,ABT,122.7937240600586,-0.0087796200088227,1,0.5214038
2026-01-02 00:00:00-05:00,A,137.39039611816406,0.013816431789503,1,0.49080342
2026-01-02 00:00:00-05:00,AMD,223.47000122070312,0.0434721581966472,0,0.49938172
2026-01-02 00:00:00-05:00,MMM,161.09715270996094,0.0107433441795292,1,0.5095869
2026-01-05 00:00:00-05:00,ABBV,216.6254730224609,-0.0398150857894021,1,0.46931922
2026-01-05 00:00:00-05:00,ADBE,331.5599975585937,-0.0052204929435997,1,0.5068225
2026-01-05 00:00:00-05:00,ABT,125.02830505371094,0.0181978436663377,1,0.51123846
2026-01-05 00:00:00-05:00,A,142.3501739501953,0.0360998874169162,1,0.49886474
2026-01-05 00:00:00-05:00,AOS,67.78752899169922,0.002781023804101,1,0.51346433
2026-01-05 00:00:00-05:00,MMM,162.8194122314453,0.010690812919488,1,0.5152469
2026-01-05 00:00:00-05:00,ACN,261.7601928710937,0.015502910465909,1,0.5275976
2026-01-05 00:00:00-05:00,AES,14.380316734313965,-0.0060728419365754,1,0.5525348
2026-01-05 00:00:00-05:00,AFL,111.59707641601562,0.0176887071408553,0,0.52912223
2026-01-05 00:00:00-05:00,AMD,221.0800018310547,-0.0106949450780555,0,0.52160734
2026-01-06 00:00:00-05:00,AOS,67.92605590820312,0.0020435457460157,0,0.49473152
2026-01-06 00:00:00-05:00,MMM,165.467529296875,0.016264136008951,0,0.4938928
2026-01-06 00:00:00-05:00,ABT,126.34335327148438,0.010518004040833,0,0.541505
2026-01-06 00:00:00-05:00,ABBV,220.3149261474609,0.0170314832947529,1,0.4963395
2026-01-06 00:00:00-05:00,A,147.26397705078125,0.0345191225569219,1,0.5214679
2026-01-06 00:00:00-05:00,ADBE,335.989990234375,0.0133610589588644,1,0.5234786
2026-01-06 00:00:00-05:00,ACN,273.60968017578125,0.045268484771185,0,0.49938172
2026-01-06 00:00:00-05:00,AES,14.546281814575195,0.0115411282885868,0,0.5531208
2026-01-06 00:00:00-05:00,AFL,111.3682861328125,-0.0020501458510456,0,0.5117536
2026-01-06 00:00:00-05:00,AMD,214.3500061035156,-0.0304414495739059,0,0.39254436
2026-01-07 00:00:00-05:00,AMD,210.0200042724609,-0.0202006144518773,0,0.48634663
2026-01-07 00:00:00-05:00,MMM,162.18226623535156,-0.0198544274848581,1,0.4901254
2026-01-07 00:00:00-05:00,ACN,271.6761169433594,-0.0070668670464424,1,0.4998825
2026-01-07 00:00:00-05:00,AFL,109.6076431274414,-0.0158091954766317,1,0.5034976
2026-01-07 00:00:00-05:00,ABT,125.61167907714844,-0.0057911569971055,0,0.5098665
2026-01-07 00:00:00-05:00,ABBV,229.65171813964844,0.0423792983773521,0,0.546447
2026-01-07 00:00:00-05:00,AES,14.106964111328123,-0.0302013744025556,0,0.43150762
2026-01-07 00:00:00-05:00,ADBE,338.1000061035156,0.0062799962215205,1,0.51294327
2026-01-07 00:00:00-05:00,AOS,66.41218566894531,-0.0222870328479499,1,0.49859467
2026-01-07 00:00:00-05:00,A,147.47349548339844,0.0014227405561981,0,0.4720941
2026-01-08 00:00:00-05:00,AFL,109.67727661132812,0.0006352977027865,0,0.5062529
2026-01-08 00:00:00-05:00,ADBE,339.0400085449219,0.0027802497025641,0,0.50839937
2026-01-08 00:00:00-05:00,ABBV,220.5117034912109,-0.0397994612123023,0,0.48325127
2026-01-08 00:00:00-05:00,ABT,124.76134490966795,-0.006769547017664,0,0.5376
2026-01-08 00:00:00-05:00,AOS,69.6575927734375,0.0488676448727354,1,0.5155847
2026-01-08 00:00:00-05:00,ACN,279.4501647949219,0.0286151316465674,0,0.51952314
2026-01-08 00:00:00-05:00,AES,13.88242530822754,-0.0159168763263722,1,0.54535985
2026-01-08 00:00:00-05:00,MMM,164.50186157226562,0.0143023981028109,0,0.51910746
2026-01-08 00:00:00-05:00,AMD,204.67999267578125,-0.0254262045902637,0,0.46681222
2026-01-08 00:00:00-05:00,A,145.42816162109375,-0.0138691624254266,1,0.5627108
2026-01-09 00:00:00-05:00,ACN,278.3098449707031,-0.0040805838316666,1,0.47779283
2026-01-09 00:00:00-05:00,AFL,108.66265869140624,-0.0092509401333648,0,0.51517993
2026-01-09 00:00:00-05:00,ADBE,333.95001220703125,-0.0150129666399422,0,0.49895588
2026-01-09 00:00:00-05:00,AES,13.980050086975098,0.0070322567260419,0,0.5515189
2026-01-09 00:00:00-05:00,ABT,124.50426483154295,-0.0020605747582405,0,0.5189258
2026-01-09 00:00:00-05:00,AMD,203.1699981689453,-0.0073773429786457,1,0.4998825
2026-01-09 00:00:00-05:00,A,148.181884765625,0.0189352812676402,0,0.46419537
2026-01-09 00:00:00-05:00,ABBV,216.527084350586,-0.0180698760090244,0,0.5054704
2026-01-09 00:00:00-05:00,MMM,164.50186157226562,0.0,1,0.51518255
2026-01-09 00:00:00-05:00,AOS,69.77632904052734,0.0017045703470695,1,0.5309509
2026-01-12 00:00:00-05:00,AOS,70.26116943359375,0.0069484938478894,0,0.52713174
2026-01-12 00:00:00-05:00,A,147.65309143066406,-0.0035685423747802,0,0.48750195
2026-01-12 00:00:00-05:00,AMD,207.69000244140625,0.0222474002716797,1,0.520253
2026-01-12 00:00:00-05:00,ACN,278.5973815917969,0.0010331528916054,0,0.5059034
2026-01-12 00:00:00-05:00,ABT,123.23866271972656,-0.0101651305963597,0,0.53481567
2026-01-12 00:00:00-05:00,MMM,167.18980407714844,0.0163398911063508,1,0.5199283
2026-01-12 00:00:00-05:00,AFL,108.3045654296875,-0.0032954583113569,0,0.51797587
2026-01-12 00:00:00-05:00,AES,13.706697463989258,-0.0195530503313802,0,0.5402822
2026-01-12 00:00:00-05:00,ADBE,327.6499938964844,-0.0188651537064211,0,0.416049
2026-01-12 00:00:00-05:00,ABBV,216.4877166748047,-0.0001818140945246,1,0.50403386
2026-01-13 00:00:00-05:00,ABBV,217.186279296875,0.0032268002674704,1,0.49853125
2026-01-13 00:00:00-05:00,AOS,69.8258056640625,-0.0061963638385313,1,0.5428615
2026-01-13 00:00:00-05:00,ACN,274.4723815917969,-0.0148063128821648,1,0.46542346
2026-01-13 00:00:00-05:00,AFL,107.3894271850586,-0.0084496737602721,1,0.51517993
2026-01-13 00:00:00-05:00,ADBE,309.92999267578125,-0.0540821045346988,0,0.3793833
2026-01-13 00:00:00-05:00,MMM,168.66319274902344,0.0088126706051709,1,0.5059462
2026-01-13 00:00:00-05:00,AES,13.63835906982422,-0.0049857665819631,1,0.4460136
2026-01-13 00:00:00-05:00,A,145.9868927001953,-0.0112845502544128,0,0.55127734
2026-01-13 00:00:00-05:00,ABT,122.90248107910156,-0.0027278910141175,1,0.5376
2026-01-13 00:00:00-05:00,AMD,220.97000122070312,0.06394144457215,1,0.46788463
2026-01-14 00:00:00-05:00,A,145.58779907226562,-0.002733763425935,0,0.50741816
2026-01-14 00:00:00-05:00,ABBV,218.307861328125,0.0051641477301469,0,0.528147
2026-01-14 00:00:00-05:00,ABT,123.59461212158205,0.0056315465432712,0,0.54297143
2026-01-14 00:00:00-05:00,AOS,70.42936706542969,0.0086438157874033,1,0.52713174
2026-01-14 00:00:00-05:00,MMM,169.23065185546875,0.0033644513494399,1,0.5252742
2026-01-14 00:00:00-05:00,ACN,286.1136779785156,0.0424133616621289,0,0.5587051
2026-01-14 00:00:00-05:00,ADBE,304.44000244140625,-0.017713646191442,0,0.492675
2026-01-14 00:00:00-05:00,AMD,223.6000061035156,0.0119020901854711,1,0.5153311
2026-01-14 00:00:00-05:00,AFL,109.59769439697266,0.0205631715318554,0,0.5227818
2026-01-14 00:00:00-05:00,AES,13.667646408081056,0.0021474239024572,1,0.43790674
2026-01-15 00:00:00-05:00,ACN,285.3501281738281,-0.0026686938215685,0,0.51150304
2026-01-15 00:00:00-05:00,ABBV,213.25083923339844,-0.0231646357761055,0,0.4964695
2026-01-15 00:00:00-05:00,AFL,109.03070831298828,-0.0051733395223689,0,0.4974004
2026-01-15 00:00:00-05:00,AES,14.097201347351074,0.0314285961492273,0,0.5753252
2026-01-15 00:00:00-05:00,MMM,170.335693359375,0.0065297952338445,0,0.53090763
2026-01-15 00:00:00-05:00,ADBE,304.0899963378906,-0.0011496718588517,0,0.51642764
2026-01-15 00:00:00-05:00,ABT,122.75984954833984,-0.0067540369188668,0,0.5376
2026-01-15 00:00:00-05:00,AOS,71.23082733154297,0.011379631814222,1,0.52713174
2026-01-15 00:00:00-05:00,A,144.50027465820312,-0.0074698870440557,0,0.51828736
2026-01-15 00:00:00-05:00,AMD,227.9199981689453,0.0193201786561212,1,0.49913105
2026-01-16 00:00:00-05:00,ABBV,212.5863647460937,-0.0031159290612566,0,0.5043364
2026-01-16 00:00:00-05:00,ADBE,296.1199951171875,-0.0262093502472446,0,0.5007674
2026-01-16 00:00:00-05:00,AMD,231.8300018310547,0.0171551583604836,1,0.5251544
2026-01-16 00:00:00-05:00,ACN,283.8032531738281,-0.0054209718071606,0,0.5014429
2026-01-16 00:00:00-05:00,AES,13.85313606262207,-0.0173130310559737,0,0.44681326
2026-01-16 00:00:00-05:00,AFL,108.93123626708984,-0.0009123305483157,0,0.53045434
2026-01-16 00:00:00-05:00,MMM,167.05043029785156,-0.0192869914504189,0,0.5642059
2026-01-16 00:00:00-05:00,AOS,71.71566772460938,0.0068066090375411,0,0.5162764
2026-01-16 00:00:00-05:00,ABT,121.00088500976562,-0.0143285002795769,0,0.5172887
2026-01-16 00:00:00-05:00,A,139.3220977783203,-0.0358350660033769,0,0.43569565
2026-01-20 00:00:00-05:00,ABT,120.38475036621094,-0.0050919846041205,0,0.5251414
2026-01-20 00:00:00-05:00,AMD,231.9199981689453,0.0003881997031436,1,0.5023781
2026-01-20 00:00:00-05:00,ADBE,290.3699951171875,-0.0194178039133239,1,0.492675
2026-01-20 00:00:00-05:00,MMM,155.42259216308594,-0.0696067535655738,0,0.47508097
2026-01-20 00:00:00-05:00,AES,13.443107604980469,-0.0295982408451125,1,0.3567264
2026-01-20 00:00:00-05:00,AFL,108.68256378173828,-0.0022828390999055,0,0.53045434
2026-01-20 00:00:00-05:00,A,135.52076721191406,-0.0272844769568045,1,0.49337173
2026-01-20 00:00:00-05:00,ABBV,212.2789001464844,-0.0014463044230355,1,0.50754064
2026-01-20 00:00:00-05:00,AOS,69.81590270996094,-0.0264902367212642,1,0.50702953
2026-01-20 00:00:00-05:00,ACN,270.4167785644531,-0.0471681506806965,1,0.35830936
2026-01-21 00:00:00-05:00,MMM,155.18368530273438,-0.0015371437126777,1,0.50461
2026-01-21 00:00:00-05:00,ABT,119.97731018066406,-0.0033844833694254,0,0.52863854
2026-01-21 00:00:00-05:00,ACN,278.3594055175781,0.0293717978421663,1,0.50236654
2026-01-21 00:00:00-05:00,AFL,107.98625183105467,-0.0064068414146171,0,0.51797587
2026-01-21 00:00:00-05:00,AES,13.901948928833008,0.0341320874112875,1,0.517539
2026-01-21 00:00:00-05:00,ADBE,294.2300109863281,0.0132934391777732,1,0.53436893
2026-01-21 00:00:00-05:00,ABBV,214.3715362548828,0.0098579562403722,1,0.51146877
2026-01-21 00:00:00-05:00,A,139.45179748535156,0.0290068478382397,0,0.49010855
2026-01-21 00:00:00-05:00,AMD,249.8000030517578,0.077095571852271,1,0.52714807
2026-01-21 00:00:00-05:00,AOS,71.47819519042969,0.023809653903273,1,0.5339316
2026-01-22 00:00:00-05:00,A,138.3144073486328,-0.008156152571918,0,0.4929975
2026-01-22 00:00:00-05:00,AFL,107.7276382446289,-0.0023948751071606,0,0.51797587
2026-01-22 00:00:00-05:00,ABT,107.93286895751952,-0.1003893253233282,0,0.5515313
2026-01-22 00:00:00-05:00,AES,14.263165473937988,0.0259831586890531,0,0.49051103
2026-01-22 00:00:00-05:00,AMD,253.72999572753903,0.0157325565563222,1,0.5555051
2026-01-22 00:00:00-05:00,ACN,282.6926574707031,0.0155671116809141,0,0.53776443
2026-01-22 00:00:00-05:00,ADBE,299.7300109863281,0.0186928586297594,1,0.50513047
2026-01-22 00:00:00-05:00,ABBV,216.3154144287109,0.0090677998011678,1,0.5079628
2026-01-22 00:00:00-05:00,MMM,159.91246032714844,0.0304721144828408,1,0.50971246
2026-01-22 00:00:00-05:00,AOS,72.31922912597656,0.0117663006642265,0,0.5060462
2026-01-23 00:00:00-05:00,AOS,71.69586944580078,-0.0086195564818579,0,0.5265409
2026-01-23 00:00:00-05:00,ABBV,217.45594787597656,0.0052725481920823,1,0.528147
2026-01-23 00:00:00-05:00,AFL,106.5240249633789,-0.0111727436047267,1,0.51362044
2026-01-23 00:00:00-05:00,MMM,161.9532928466797,0.0127621857318442,0,0.50551635
2026-01-23 00:00:00-05:00,A,134.7425537109375,-0.0258241618220737,1,0.4959138
2026-01-23 00:00:00-05:00,AES,13.91171169281006,-0.0246406579079596,1,0.44794884
2026-01-23 00:00:00-05:00,AMD,259.67999267578125,0.0234501125150037,0,0.5167471
2026-01-23 00:00:00-05:00,ABT,106.75028228759766,-0.0109566870717325,1,0.47506186
2026-01-23 00:00:00-05:00,ADBE,301.07000732421875,0.0044706779060297,1,0.51661336
2026-01-23 00:00:00-05:00,ACN,278.7064819335937,-0.0141007395550148,0,0.5642059
2026-01-26 00:00:00-05:00,AOS,70.27104949951172,-0.0198731106450444,0,0.51420224
2026-01-26 00:00:00-05:00,MMM,158.8074188232422,-0.019424575864695,0,0.47617784
2026-01-26 00:00:00-05:00,ABBV,218.9535369873047,0.0068868620332347,1,0.5017357
2026-01-26 00:00:00-05:00,ADBE,304.7200012207031,0.0121234058780015,0,0.54059756
2026-01-26 00:00:00-05:00,ACN,278.3494873046875,-0.0012808981923544,0,0.4809921
2026-01-26 00:00:00-05:00,AES,14.27292823791504,0.0259649245959909,1,0.49051103
2026-01-26 00:00:00-05:00,A,135.34117126464844,0.0044426763277409,1,0.47787738
2026-01-26 00:00:00-05:00,ABT,108.09186553955078,0.0125674913752336,0,0.52016693
2026-01-26 00:00:00-05:00,AMD,251.3099975585937,-0.0322319599247591,1,0.4489858
2026-01-26 00:00:00-05:00,AFL,108.36425018310548,0.0172752129893629,0,0.51379293
2026-01-27 00:00:00-05:00,ACN,273.48077392578125,-0.017491368229383,0,0.48634663
2026-01-27 00:00:00-05:00,AMD,252.02999877929688,0.0028649923508725,1,0.5215016
2026-01-27 00:00:00-05:00,ABBV,222.0875244140625,0.0143134816175156,0,0.5017357
2026-01-27 00:00:00-05:00,AES,14.56580638885498,0.0205198362983378,1,0.46473396
2026-01-27 00:00:00-05:00,A,135.64048767089844,0.0022115694984248,0,0.47572574
2026-01-27 00:00:00-05:00,AOS,69.89505767822266,-0.0053505935085212,0,0.470227
2026-01-27 00:00:00-05:00,ADBE,297.4200134277344,-0.0239563788518152,1,0.49981648
2026-01-27 00:00:00-05:00,MMM,157.34397888183594,-0.0092151862441332,0,0.5018111
2026-01-27 00:00:00-05:00,AFL,107.80720520019533,-0.0051404866639035,1,0.5214777
2026-01-27 00:00:00-05:00,ABT,107.59498596191406,-0.0045968267376689,0,0.49800617
2026-01-28 00:00:00-05:00,AMD,252.7400054931641,0.0028171515982466,0,0.50278103
2026-01-28 00:00:00-05:00,AES,14.82939624786377,0.0180964824035059,0,0.5609922
2026-01-28 00:00:00-05:00,AFL,108.34435272216795,0.0049824825805953,1,0.54202706
2026-01-28 00:00:00-05:00,AOS,68.75718688964844,-0.01627970312025,1,0.51420224
2026-01-28 00:00:00-05:00,A,133.5652313232422,-0.0152996821472022,0,0.49061558
2026-01-28 00:00:00-05:00,ABT,105.38883209228516,-0.020504244225747,1,0.4774671
2026-01-28 00:00:00-05:00,MMM,155.243408203125,-0.0133501815171996,1,0.4967431
2026-01-28 00:00:00-05:00,ACN,268.15594482421875,-0.0194705793212636,0,0.5054704
2026-01-28 00:00:00-05:00,ABBV,216.8708038330078,-0.0234894805316869,1,0.4964695
2026-01-28 00:00:00-05:00,ADBE,299.5799865722656,0.0072623665086883,0,0.5311082
2026-01-29 00:00:00-05:00,ACN,259.0234069824219,-0.0340568166325137,1,0.42444986
2026-01-29 00:00:00-05:00,AMD,252.17999267578125,-0.0022157664208722,0,0.50507885
2026-01-29 00:00:00-05:00,ABBV,218.61631774902344,0.0080486348792236,1,0.52046055
2026-01-29 00:00:00-05:00,AOS,72.39838409423828,0.0529573324521517,1,0.55184364
2026-01-29 00:00:00-05:00,AFL,109.92595672607422,0.0145979367098352,1,0.540385
2026-01-29 00:00:00-05:00,ABT,105.42857360839844,0.0003770941884855,1,0.46931198
2026-01-29 00:00:00-05:00,AES,14.682957649230955,-0.0098748860833703,0,0.5509326
2026-01-29 00:00:00-05:00,A,132.9665985107422,-0.0044819509281666,1,0.51410025
2026-01-29 00:00:00-05:00,ADBE,291.6499938964844,-0.0264703686201293,1,0.5272025
2026-01-29 00:00:00-05:00,MMM,155.6814422607422,0.0028215952141688,0,0.5058192
2026-01-30 00:00:00-05:00,MMM,152.475830078125,-0.02059084330198,1,0.50025034
2026-01-30 00:00:00-05:00,AOS,73.07453918457031,0.0093393671528898,1,0.52551657
2026-01-30 00:00:00-05:00,AMD,236.72999572753903,-0.061265752228432,1,0.5948283
2026-01-30 00:00:00-05:00,AES,14.471564292907717,-0.0143971917220854,1,0.5170504
2026-01-30 00:00:00-05:00,A,133.5452880859375,0.0043521424303303,1,0.4419847
2026-01-30 00:00:00-05:00,ABBV,221.1750946044922,0.0117044184158581,1,0.5153311
2026-01-30 00:00:00-05:00,AFL,110.3636245727539,0.0039814786217446,1,0.51460886
2026-01-30 00:00:00-05:00,ADBE,293.25,0.0054860488153603,1,0.5511818
2026-01-30 00:00:00-05:00,ACN,261.4230651855469,0.0092642523356503,1,0.51146877
2026-01-30 00:00:00-05:00,ABT,108.61856842041016,0.0302574027403668,1,0.4743585
2026-02-02 00:00:00-05:00,ADBE,293.3800048828125,0.0004433244085677,0,0.52849716
2026-02-02 00:00:00-05:00,ACN,264.54656982421875,0.0119480836033154,0,0.5079628
2026-02-02 00:00:00-05:00,AMD,246.2700042724609,0.0402991117184059,0,0.5256532
2026-02-02 00:00:00-05:00,AOS,74.28764343261719,0.0166009154704738,1,0.540986
2026-02-02 00:00:00-05:00,MMM,152.74461364746094,0.0017627945963516,1,0.50015587
2026-02-02 00:00:00-05:00,AFL,111.35833740234376,0.0090130496659623,1,0.5517585
2026-02-02 00:00:00-05:00,ABT,108.7278823852539,0.0010064021873372,0,0.44100657
2026-02-02 00:00:00-05:00,AES,14.550589561462402,0.0054607274621594,1,0.5714239
2026-02-02 00:00:00-05:00,ABBV,223.7834625244141,0.0117932261974893,1,0.46955082
2026-02-02 00:00:00-05:00,A,135.08177185058594,0.0115053386508081,0,0.4938769
2026-02-03 00:00:00-05:00,AES,15.894025802612305,0.0923286465799315,0,0.6476644
2026-02-03 00:00:00-05:00,AFL,111.44786834716795,0.0008039895971212,1,0.5260875
2026-02-03 00:00:00-05:00,AOS,75.9084243774414,0.0218176384380042,1,0.5225961
2026-02-03 00:00:00-05:00,ABBV,223.8032989501953,8.86411603318038e-05,0,0.51140434
2026-02-03 00:00:00-05:00,MMM,154.98455810546875,0.0146646379503612,1,0.539954
2026-02-03 00:00:00-05:00,AMD,242.1100006103516,-0.0168920436510282,0,0.5642059
2026-02-03 00:00:00-05:00,ADBE,271.92999267578125,-0.0731134087191771,1,0.34135467
2026-02-03 00:00:00-05:00,ACN,239.18167114257807,-0.0958806560920245,1,0.3676748
2026-02-03 00:00:00-05:00,A,131.83917236328125,-0.0240047153874419,1,0.47255865
2026-02-03 00:00:00-05:00,ABT,108.3403091430664,-0.0035646168552627,0,0.44643945
2026-02-04 00:00:00-05:00,AES,15.55816650390625,-0.021131166066866,0,0.53640264
2026-02-04 00:00:00-05:00,A,132.67724609375,0.0063567884676902,0,0.5024566
2026-02-04 00:00:00-05:00,AMD,200.19000244140625,-0.1731444304789821,0,0.3753142
2026-02-04 00:00:00-05:00,AOS,77.92695617675781,0.0265916703695443,0,0.5099976
2026-02-04 00:00:00-05:00,ABT,107.52542114257812,-0.0075215587525433,1,0.5675979
2026-02-04 00:00:00-05:00,ABBV,215.3236389160156,-0.0378888965174135,1,0.5023724
2026-02-04 00:00:00-05:00,ADBE,279.7099914550781,0.0286103004039457,0,0.5447641
2026-02-04 00:00:00-05:00,ACN,239.61795043945312,0.0018240498730146,0,0.47023106
2026-02-04 00:00:00-05:00,AFL,113.01951599121094,0.0141020879748654,1,0.53548366
2026-02-04 00:00:00-05:00,MMM,163.05833435058594,0.0520940688789324,1,0.5488287
2026-02-05 00:00:00-05:00,AMD,192.5,-0.0384135188951658,1,0.4933716
2026-02-05 00:00:00-05:00,MMM,164.3425750732422,0.0078759587957955,1,0.5117422
2026-02-05 00:00:00-05:00,AFL,116.8491668701172,0.0338848635593527,0,0.5397733
2026-02-05 00:00:00-05:00,A,129.34486389160156,-0.0251164559128229,0,0.47255865
2026-02-05 00:00:00-05:00,AOS,77.66842651367188,-0.0033175896476634,1,0.56154317
2026-02-05 00:00:00-05:00,ABBV,217.21792602539065,0.0087973950231905,1,0.51075697
2026-02-05 00:00:00-05:00,AES,15.40011501312256,-0.0101587478668522,1,0.55097926
2026-02-05 00:00:00-05:00,ACN,231.61582946777344,-0.0333953318480689,1,0.56674284
2026-02-05 00:00:00-05:00,ADBE,269.3900146484375,-0.0368952741121442,0,0.45617393
2026-02-05 00:00:00-05:00,ABT,108.39994049072266,0.0081331404132323,1,0.45806658
2026-02-06 00:00:00-05:00,ABT,110.13903045654295,0.0160432741747595,1,0.5100944
2026-02-06 00:00:00-05:00,AMD,208.44000244140625,0.0828052074878247,1,0.46510202
2026-02-06 00:00:00-05:00,ACN,238.5966186523437,0.0301395168050964,0,0.52837026
2026-02-06 00:00:00-05:00,A,129.28500366210938,-0.0004627955659867,0,0.48687586
2026-02-06 00:00:00-05:00,MMM,171.87875366210938,0.0458565200497105,0,0.50316256
2026-02-06 00:00:00-05:00,ADBE,268.3800048828125,-0.0037492472278272,0,0.5335026
2026-02-06 00:00:00-05:00,ABBV,221.5916290283203,0.0201350923607401,0,0.4557118
2026-02-06 00:00:00-05:00,AOS,78.53350830078125,0.0111381397298824,1,0.56849
2026-02-06 00:00:00-05:00,AFL,116.5308609008789,-0.0027240756418238,0,0.49017376
2026-02-06 00:00:00-05:00,AES,15.854511260986328,0.0295060294989077,1,0.57913876
2026-02-09 00:00:00-05:00,ABBV,221.42303466796875,-0.0007608336158312,0,0.5310708
2026-02-09 00:00:00-05:00,ABT,110.37753295898438,0.0021654676044704,1,0.47473642
2026-02-09 00:00:00-05:00,AOS,78.63294219970703,0.0012661334133317,1,0.5159045
2026-02-09 00:00:00-05:00,MMM,169.51934814453125,-0.0137271504901437,1,0.55904865
2026-02-09 00:00:00-05:00,ACN,234.76907348632807,-0.016041908672615,1,0.49080688
2026-02-09 00:00:00-05:00,A,127.20973205566406,-0.0160519128101593,1,0.48754287
2026-02-09 00:00:00-05:00,ADBE,266.8999938964844,-0.0055146097302382,0,0.5335026
2026-02-09 00:00:00-05:00,AES,15.86439037322998,0.000623110487673,1,0.6049277
2026-02-09 00:00:00-05:00,AFL,112.60173034667967,-0.0337175107419943,1,0.6178625
2026-02-09 00:00:00-05:00,AMD,216.0,0.0362694179142457,0,0.5121582
2026-02-10 00:00:00-05:00,ADBE,264.6700134277344,-0.0083551162223514,0,0.5250692
2026-02-10 00:00:00-05:00,AES,16.05207633972168,0.0118306447380673,1,0.53216565
2026-02-10 00:00:00-05:00,ACN,238.8346099853516,0.0173171723117111,0,0.50292087
2026-02-10 00:00:00-05:00,AOS,80.01508331298828,0.0175771257518377,0,0.51481366
2026-02-10 00:00:00-05:00,ABT,111.57998657226562,0.0108940069690457,1,0.5273561
2026-02-10 00:00:00-05:00,MMM,172.6552734375,0.0184989225554068,0,0.5136974
2026-02-10 00:00:00-05:00,AFL,115.26757049560548,0.0236749483397651,1,0.54226774
2026-02-10 00:00:00-05:00,ABBV,220.6097869873047,-0.0036728232990012,0,0.5082009
2026-02-10 00:00:00-05:00,A,128.70631408691406,0.0117646818923817,0,0.48127246
2026-02-10 00:00:00-05:00,AMD,213.57000732421875,-0.0112499660915799,1,0.4964695
2026-02-11 00:00:00-05:00,ABT,112.8818130493164,0.011667204102123,0,0.5374362
2026-02-11 00:00:00-05:00,A,128.60653686523438,-0.00077523175446,0,0.48994836
2026-02-11 00:00:00-05:00,ACN,228.49229431152344,-0.0433032535546773,0,0.54896855
2026-02-11 00:00:00-05:00,ABBV,219.07254028320312,-0.0069681709279291,1,0.4998825
2026-02-11 00:00:00-05:00,AOS,79.76649475097656,-0.0031067712701033,0,0.5653248
2026-02-11 00:00:00-05:00,AES,16.239763259887695,0.0116923764997038,0,0.53216565
2026-02-11 00:00:00-05:00,MMM,172.07786560058594,-0.0033442815004609,1,0.5152812
2026-02-11 00:00:00-05:00,AFL,115.63561248779295,0.0031929361450495,0,0.5260875
2026-02-11 00:00:00-05:00,AMD,213.5800018310547,4.679733339507664e-05,0,0.50754064
2026-02-11 00:00:00-05:00,ADBE,257.1600036621094,-0.0283749929520275,1,0.49091038
2026-02-12 00:00:00-05:00,AMD,205.94000244140625,-0.0357711364554242,1,0.42704982
2026-02-12 00:00:00-05:00,ABT,110.77503967285156,-0.0186635324110574,1,0.5489044
2026-02-12 00:00:00-05:00,AOS,79.16989135742188,-0.0074793733310862,1,0.571677
2026-02-12 00:00:00-05:00,AES,16.002685546875,-0.014598594155512,1,0.56343913
2026-02-12 00:00:00-05:00,MMM,173.8300018310547,0.0101822289831028,0,0.5224052
2026-02-12 00:00:00-05:00,AFL,115.26757049560548,-0.0031827737516962,0,0.5105004
2026-02-12 00:00:00-05:00,ADBE,262.5,0.0207652677782157,1,0.5113044
2026-02-12 00:00:00-05:00,ABBV,225.628158569336,0.0299244180838829,1,0.51952314
2026-02-12 00:00:00-05:00,ACN,220.1827850341797,-0.0363666936882111,1,0.547262
2026-02-12 00:00:00-05:00,A,124.59569549560548,-0.0311869168348092,1,0.4526768
2026-02-13 00:00:00-05:00,ACN,222.3444366455078,0.0098175323333864,0,0.5419335
2026-02-13 00:00:00-05:00,ADBE,263.9700012207031,0.0056000046502975,0,0.5511818
2026-02-13 00:00:00-05:00,AFL,114.30270385742188,-0.00837066864544,1,0.5449117
2026-02-13 00:00:00-05:00,A,125.52357482910156,0.0074471219074241,0,0.509498
2026-02-13 00:00:00-05:00,MMM,171.82000732421875,-0.0115629896201085,0,0.5553173
2026-02-13 00:00:00-05:00,AES,16.081710815429688,0.0049382504157322,1,0.55223215
2026-02-13 00:00:00-05:00,AMD,207.32000732421875,0.006701004498653,0,0.51146877
2026-02-13 00:00:00-05:00,ABT,111.9774932861328,0.0108549147608738,0,0.524652
2026-02-13 00:00:00-05:00,AOS,80.00513458251953,0.0105500110051541,0,0.5371359
2026-02-13 00:00:00-05:00,ABBV,229.59524536132807,0.017582410002132,1,0.53251314
2026-02-17 00:00:00-05:00,ABBV,230.94406127929688,0.0058747554455933,0,0.5082927
2026-02-17 00:00:00-05:00,ACN,218.0409393310547,-0.0193550932929991,1,0.5143397
2026-02-17 00:00:00-05:00,MMM,167.6199951171875,-0.0244442557792816,0,0.5571356
2026-02-17 00:00:00-05:00,AFL,114.80999755859376,0.0044381601139082,0,0.5260875
2026-02-17 00:00:00-05:00,ADBE,260.45001220703125,-0.01333480697577,1,0.5161415
2026-02-17 00:00:00-05:00,A,123.58799743652344,-0.0154200308206118,1,0.47801578
2026-02-17 00:00:00-05:00,AMD,203.0800018310547,-0.0204515017527145,0,0.49080688
2026-02-17 00:00:00-05:00,AES,16.190370559692383,0.0067567279072349,0,0.54234415
2026-02-17 00:00:00-05:00,ABT,111.56011199951172,-0.0037273676555212,1,0.5854238
2026-02-17 00:00:00-05:00,AOS,79.02073669433594,-0.0123041838917008,0,0.53558826
2026-02-18 00:00:00-05:00,AFL,113.62000274658205,-0.0103649058210666,0,0.58937275
2026-02-18 00:00:00-05:00,ABT,112.5836944580078,0.0091751652104881,0,0.5957957
2026-02-18 00:00:00-05:00,A,126.65100860595705,0.0247840504981626,0,0.50310296
2026-02-18 00:00:00-05:00,AOS,78.51361846923828,-0.0064175335021143,0,0.5476463
2026-02-18 00:00:00-05:00,ABBV,226.838119506836,-0.017778945038536,0,0.5642059
2026-02-18 00:00:00-05:00,AES,16.091590881347656,-0.0061011375854885,1,0.5525348
2026-02-18 00:00:00-05:00,ADBE,263.1700134277344,0.0104434674341309,0,0.5436499
2026-02-18 00:00:00-05:00,MMM,164.1699981689453,-0.0205822518120836,1,0.510879
2026-02-18 00:00:00-05:00,ACN,221.7296600341797,0.0169175601354585,0,0.4903092
2026-02-18 00:00:00-05:00,AMD,200.1199951171875,-0.0145755696630811,1,0.49080688
2026-02-19 00:00:00-05:00,A,126.0523681640625,-0.0047266930479572,0,0.4954075
2026-02-19 00:00:00-05:00,AFL,112.76000213623048,-0.0075690951378492,1,0.5433046
2026-02-19 00:00:00-05:00,ABT,111.49054718017578,-0.0097096411971073,1,0.58252597
2026-02-19 00:00:00-05:00,ACN,213.14247131347656,-0.0387281914353695,1,0.47144312
2026-02-19 00:00:00-05:00,ADBE,259.2099914550781,-0.0150473905483295,0,0.51104856
2026-02-19 00:00:00-05:00,AMD,203.3699951171875,0.016240256242745,0,0.49984676
2026-02-19 00:00:00-05:00,AES,16.160737991333008,0.0042970959487604,1,0.5180866
2026-02-19 00:00:00-05:00,ABBV,222.5040740966797,-0.0191063363581872,1,0.48634663
2026-02-19 00:00:00-05:00,MMM,165.0500030517578,0.0053603270550499,1,0.5354894
2026-02-19 00:00:00-05:00,AOS,77.25080108642578,-0.0160840553197439,1,0.5629127
2026-02-20 00:00:00-05:00,ACN,213.53912353515625,0.0018609722371865,0,0.49250042
2026-02-20 00:00:00-05:00,ABBV,222.9602813720703,0.0020503322343319,1,0.49230412
2026-02-20 00:00:00-05:00,ADBE,258.6099853515625,-0.0023147491350448,0,0.52399576
2026-02-20 00:00:00-05:00,ABT,111.51042175292967,0.0001782624021189,1,0.5207305
2026-02-20 00:00:00-05:00,AMD,200.1499938964844,-0.0158332167872042,0,0.4964695
2026-02-20 00:00:00-05:00,AOS,77.3701171875,0.0015445289808804,0,0.567126
2026-02-20 00:00:00-05:00,AFL,114.02999877929688,0.0112628291859382,0,0.5338718
2026-02-20 00:00:00-05:00,AES,16.308910369873047,0.0091686641179073,0,0.5562615
2026-02-20 00:00:00-05:00,MMM,167.05999755859375,0.0121780943330587,0,0.5186307
2026-02-20 00:00:00-05:00,A,122.62020874023438,-0.0272280439774128,1,0.47642362
2026-02-23 00:00:00-05:00,A,123.91724395751952,0.0105776627736204,1,0.48514324
2026-02-23 00:00:00-05:00,AFL,112.3499984741211,-0.0147329678432023,1,0.5034976
2026-02-23 00:00:00-05:00,ACN,199.4882659912109,-0.065799921397692,0,0.4428398
2026-02-23 00:00:00-05:00,AES,16.061954498291016,-0.0151423894043972,1,0.57262063
2026-02-23 00:00:00-05:00,ADBE,246.67999267578125,-0.0461312143827827,1,0.28177908
2026-02-23 00:00:00-05:00,MMM,166.33999633789062,-0.0043098361739805,1,0.51150304
2026-02-23 00:00:00-05:00,AMD,196.6000061035156,-0.0177366370283519,1,0.51516145
2026-02-23 00:00:00-05:00,AOS,76.33599853515625,-0.0133658664344226,1,0.5667496
2026-02-23 00:00:00-05:00,ABBV,227.59185791015625,0.0207731014222971,0,0.46931922
2026-02-23 00:00:00-05:00,ABT,114.57122039794922,0.0274485433460314,0,0.4994413
2026-02-24 00:00:00-05:00,MMM,166.4600067138672,0.0007214763653882,0,0.5092061
2026-02-24 00:00:00-05:00,AMD,213.83999633789065,0.0876906902296721,0,0.46859387
2026-02-24 00:00:00-05:00,ADBE,255.1699981689453,0.0344170818276403,1,0.5447641
2026-02-24 00:00:00-05:00,AOS,76.76356506347656,0.0056011126666981,0,0.5688386
2026-02-24 00:00:00-05:00,A,124.11679077148438,0.0016103232091997,1,0.48137885
2026-02-24 00:00:00-05:00,ABBV,226.5604248046875,-0.0045319420252543,0,0.49460164
2026-02-24 00:00:00-05:00,AES,16.07183265686035,0.0006150035209218,1,0.60528445
2026-02-24 00:00:00-05:00,ABT,113.86564636230467,-0.0061583880593557,1,0.58252597
2026-02-24 00:00:00-05:00,ACN,195.07568359375,-0.0221195085111187,0,0.47397128
2026-02-24 00:00:00-05:00,AFL,112.45999908447266,0.0009790886679619,0,0.5062529
2026-02-25 00:00:00-05:00,A,124.43606567382812,0.0025723747799084,0,0.5269017
2026-02-25 00:00:00-05:00,ABT,114.04452514648438,0.0015709635864229,1,0.5532867
2026-02-25 00:00:00-05:00,AMD,210.8600006103516,-0.0139356330834871,0,0.46542346
2026-02-25 00:00:00-05:00,ABBV,225.0529327392578,-0.0066538190274372,0,0.5412316
2026-02-25 00:00:00-05:00,ADBE,257.8099975585937,0.0103460414962281,1,0.54059756
2026-02-25 00:00:00-05:00,ACN,189.88967895507807,-0.0265845775502799,1,0.50887215
2026-02-25 00:00:00-05:00,AES,16.170616149902344,0.0061463739170919,0,0.58875674
2026-02-25 00:00:00-05:00,AOS,75.86865997314453,-0.0116579407117429,1,0.5513572
2026-02-25 00:00:00-05:00,AFL,112.44000244140624,-0.0001778111615615,1,0.5117536
2026-02-25 00:00:00-05:00,MMM,165.5399932861328,-0.0055269337416032,1,0.4855384
2026-02-26 00:00:00-05:00,AES,16.05207633972168,-0.0073305685498805,1,0.5949887
2026-02-26 00:00:00-05:00,MMM,166.1699981689453,0.0038057563631983,0,0.49230412
2026-02-26 00:00:00-05:00,AOS,76.71385192871094,0.0111401988102277,1,0.53465414
2026-02-26 00:00:00-05:00,ACN,205.6361389160156,0.0829242539541217,1,0.46859387
2026-02-26 00:00:00-05:00,AMD,203.67999267578125,-0.0340510666498492,0,0.26693058
2026-02-26 00:00:00-05:00,ABT,115.5351791381836,0.0130708071236611,1,0.5524922
2026-02-26 00:00:00-05:00,ABBV,222.84127807617188,-0.0098272643513973,1,0.52160734
2026-02-26 00:00:00-05:00,ADBE,259.0400085449219,0.0047709980139487,1,0.5571424
2026-02-26 00:00:00-05:00,A,120.6946029663086,-0.0300673497451025,1,0.44341546
2026-02-26 00:00:00-05:00,AFL,113.97000122070312,0.0136072460519038,0,0.52189916
2026-02-27 00:00:00-05:00,AFL,112.93000030517578,-0.00912521632349,1,0.51517993
2026-02-27 00:00:00-05:00,A,121.1036605834961,0.0033891955989258,0,0.5269017
2026-02-27 00:00:00-05:00,AES,17.06953239440918,0.0633847007174861,0,0.6862183
2026-02-27 00:00:00-05:00,ADBE,262.4100036621094,0.013009554532203,0,0.5165905
2026-02-27 00:00:00-05:00,ACN,206.96487426757807,0.0064615848097846,0,0.51146877
2026-02-27 00:00:00-05:00,AOS,77.55904388427734,0.0110174620921372,0,0.53465414
2026-02-27 00:00:00-05:00,ABT,115.6246109008789,0.0007740652099421,0,0.5640128
2026-02-27 00:00:00-05:00,MMM,165.32000732421875,-0.0051151883859466,0,0.5043364
2026-02-27 00:00:00-05:00,ABBV,230.17047119140625,0.0328897463634592,1,0.51952314
2026-02-27 00:00:00-05:00,AMD,200.2100067138672,-0.0170364595772428,0,0.49296263
2026-03-02 00:00:00-05:00,ADBE,260.8800048828125,-0.0058305657480458,1,0.5094612
2026-03-02 00:00:00-05:00,AFL,113.3499984741211,0.0037191018136042,0,0.5062529
2026-03-02 00:00:00-05:00,AOS,77.48944091796875,-0.0008974190864503,0,0.5591281
2026-03-02 00:00:00-05:00,MMM,161.4600067138672,-0.023348659807288,0,0.50025034
2026-03-02 00:00:00-05:00,ACN,204.1983184814453,-0.0133672720838414,1,0.4964695
2026-03-02 00:00:00-05:00,ABBV,232.33253479003903,0.0093933143875559,0,0.5349833
2026-03-02 00:00:00-05:00,ABT,113.40851593017578,-0.0191662912716991,0,0.57045615
2026-03-02 00:00:00-05:00,AMD,198.6199951171875,-0.0079417189119426,0,0.50153744
2026-03-02 00:00:00-05:00,A,117.90097045898438,-0.0264458572852436,1,0.51908344
2026-03-02 00:00:00-05:00,AES,14.0369234085083,-0.1776621008607216,0,0.53289896
2026-03-03 00:00:00-05:00,AES,14.007288932800291,-0.0021111802668986,1,0.52864873
2026-03-03 00:00:00-05:00,AOS,75.20243835449219,-0.0295137316308374,0,0.47874686
2026-03-03 00:00:00-05:00,ABBV,231.93582153320312,-0.001707523473604,1,0.52787733
2026-03-03 00:00:00-05:00,ACN,208.12503051757807,0.0192298940820589,1,0.4884125
2026-03-03 00:00:00-05:00,ABT,112.90169525146484,-0.0044689825499787,0,0.5498445
2026-03-03 00:00:00-05:00,AMD,190.9499969482422,-0.0386164452598035,1,0.4809599
2026-03-03 00:00:00-05:00,A,118.7689971923828,0.007362337477115,1,0.5306578
2026-03-03 00:00:00-05:00,MMM,158.47999572753906,-0.0184566509501586,1,0.40806
2026-03-03 00:00:00-05:00,ADBE,270.989990234375,0.0387533929865722,1,0.5350914
2026-03-03 00:00:00-05:00,AFL,112.43000030517578,-0.0081164374179975,1,0.5186832
2026-03-04 00:00:00-05:00,A,120.2655792236328,0.0126007802257168,0,0.5334901
2026-03-04 00:00:00-05:00,ABT,112.3948745727539,-0.0044890440093224,0,0.5498445
2026-03-04 00:00:00-05:00,AMD,202.07000732421875,0.0582351953584512,0,0.45374343
2026-03-04 00:00:00-05:00,MMM,160.88999938964844,0.0152069896963695,0,0.5343218
2026-03-04 00:00:00-05:00,ACN,208.23410034179688,0.0005240591386224,1,0.5444816
2026-03-04 00:00:00-05:00,ADBE,273.1199951171875,0.0078600869388949,1,0.56390536
2026-03-04 00:00:00-05:00,ABBV,234.2466583251953,0.0099632595634278,0,0.5186307
2026-03-04 00:00:00-05:00,AES,14.115948677062988,0.0077573715216405,0,0.5159341
2026-03-04 00:00:00-05:00,AOS,72.93533325195312,-0.0301466967314583,0,0.4707658
2026-03-04 00:00:00-05:00,AFL,112.4800033569336,0.0004447483022511,0,0.55828303
2026-03-05 00:00:00-05:00,ABT,110.34771728515624,-0.0182139736832264,0,0.5416557
2026-03-05 00:00:00-05:00,AMD,199.4499969482422,-0.0129658548077983,0,0.47240695
2026-03-05 00:00:00-05:00,ADBE,281.739990234375,0.0315612011983557,1,0.5541271
2026-03-05 00:00:00-05:00,ACN,212.20046997070312,0.0190476469627012,1,0.48490775
2026-03-05 00:00:00-05:00,MMM,156.2100067138672,-0.0290881514919214,0,0.5704525
2026-03-05 00:00:00-05:00,AES,14.046801567077637,-0.0048985095913325,0,0.52864873
2026-03-05 00:00:00-05:00,AFL,111.04000091552734,-0.0128022972833373,1,0.51362044
2026-03-05 00:00:00-05:00,A,117.8411102294922,-0.0201592925406555,0,0.54148734
2026-03-05 00:00:00-05:00,ABBV,230.43826293945312,-0.0162580564135739,0,0.49536633
2026-03-05 00:00:00-05:00,AOS,71.61284637451172,-0.0181323210366766,0,0.49582925
2026-03-06 00:00:00-05:00,MMM,153.41000366210938,-0.0179246074605619,0,0.5181166
2026-03-06 00:00:00-05:00,ABBV,228.2166748046875,-0.0096407085630103,0,0.51053715
2026-03-06 00:00:00-05:00,AMD,192.42999267578125,-0.035196813135488,1,0.44137326
2026-03-06 00:00:00-05:00,ACN,213.1920623779297,0.0046729039165815,0,0.528147
2026-03-06 00:00:00-05:00,ABT,108.87694549560548,-0.0133285202968905,1,0.548221
2026-03-06 00:00:00-05:00,AES,13.977653503417969,-0.0049226910004719,1,0.51245147
2026-03-06 00:00:00-05:00,ADBE,283.6199951171875,0.0066728364732622,0,0.5477101
2026-03-06 00:00:00-05:00,AOS,70.60856628417969,-0.0140237421241431,0,0.50150704
2026-03-06 00:00:00-05:00,A,114.80802917480467,-0.0257387345450216,1,0.53041124
2026-03-06 00:00:00-05:00,AFL,111.29000091552734,0.0022514409036269,0,0.51598287
2026-03-09 00:00:00-04:00,MMM,151.6300048828125,-0.0116028859709655,1,0.4444748
2026-03-09 00:00:00-04:00,ABT,111.94768524169922,0.0282037646456354,0,0.4773117
2026-03-09 00:00:00-04:00,ABBV,225.5785675048828,-0.0115596605816048,0,0.49296263
2026-03-09 00:00:00-04:00,AOS,70.0616683959961,-0.0077454892085258,0,0.49316138
2026-03-09 00:00:00-04:00,AMD,202.67999267578125,0.0532661247733343,1,0.4475763
2026-03-09 00:00:00-04:00,A,116.37445831298828,0.0136438988583158,0,0.5334901
2026-03-09 00:00:00-04:00,ACN,207.5994873046875,-0.0262325670611888,0,0.4874942
2026-03-09 00:00:00-04:00,ADBE,282.44000244140625,-0.0041604706864679,0,0.54063165
2026-03-09 00:00:00-04:00,AES,14.017167091369627,0.0028269113941046,1,0.48592833
2026-03-09 00:00:00-04:00,AFL,110.18000030517578,-0.0099739473557385,1,0.50812864
2026-03-10 00:00:00-04:00,A,115.1672134399414,-0.0103737958530384,0,0.5495619
2026-03-10 00:00:00-04:00,ACN,199.9344940185547,-0.0369220241612789,0,0.4933716
2026-03-10 00:00:00-04:00,MMM,155.25,0.0238738706101422,0,0.52752435
2026-03-10 00:00:00-04:00,ADBE,275.1300048828125,-0.0258815943046532,0,0.48976392
2026-03-10 00:00:00-04:00,ABBV,225.1421813964844,-0.0019345193704581,1,0.5133345
2026-03-10 00:00:00-04:00,ABT,109.86077880859376,-0.0186418006642991,0,0.548221
2026-03-10 00:00:00-04:00,AFL,110.3000030517578,0.001089151808401,0,0.51598287
2026-03-10 00:00:00-04:00,AOS,69.42528533935547,-0.0090831844460756,0,0.49316138
2026-03-10 00:00:00-04:00,AMD,203.22999572753903,0.0027136524157942,1,0.49230412
2026-03-10 00:00:00-04:00,AES,14.0369234085083,0.0014094372286421,1,0.48592833
2026-03-11 00:00:00-04:00,ABT,109.5626449584961,-0.0027137423685763,0,0.55600244
2026-03-11 00:00:00-04:00,ADBE,273.7099914550781,-0.0051612452387344,0,0.48054105
2026-03-11 00:00:00-04:00,AFL,109.33000183105467,-0.008794208466594,1,0.5186832
2026-03-11 00:00:00-04:00,ACN,199.78575134277344,-0.0007439570470888,0,0.50403386
2026-03-11 00:00:00-04:00,AOS,67.72496032714844,-0.0244914371456411,0,0.45928606
2026-03-11 00:00:00-04:00,AMD,204.8300018310547,0.0078728836153729,0,0.5017357
2026-03-11 00:00:00-04:00,A,115.15723419189452,-8.66500781673274e-05,0,0.535865
2026-03-11 00:00:00-04:00,MMM,155.1699981689453,-0.0005153097008353,0,0.5113202
2026-03-11 00:00:00-04:00,ABBV,225.80667114257807,0.0029514227052969,0,0.49230412
2026-03-11 00:00:00-04:00,AES,14.056679725646973,0.0014074535112655,0,0.48592833
2026-03-12 00:00:00-04:00,AMD,197.7400054931641,-0.0346140520163568,0,0.41458645
2026-03-12 00:00:00-04:00,AOS,66.19366455078125,-0.022610508281883,1,0.44991493
2026-03-12 00:00:00-04:00,AES,14.046801567077637,-0.0007027376850105,0,0.53674793
2026-03-12 00:00:00-04:00,ABBV,223.5156707763672,-0.010145848900825,0,0.4970835
2026-03-12 00:00:00-04:00,ABT,107.4657974243164,-0.0191383435017838,0,0.548221
2026-03-12 00:00:00-04:00,A,111.37586212158205,-0.0328366002956558,0,0.45535
2026-03-12 00:00:00-04:00,ACN,194.4014129638672,-0.0269505625036707,1,0.49099982
2026-03-12 00:00:00-04:00,MMM,149.10000610351562,-0.0391183356129245,1,0.44646797
2026-03-12 00:00:00-04:00,ADBE,269.7799987792969,-0.0143582360837063,0,0.5400113
2026-03-12 00:00:00-04:00,AFL,109.62999725341795,0.0027439441812766,0,0.49976218
2026-03-13 00:00:00-04:00,AMD,193.38999938964844,-0.0219986142544434,1,0.5054704
2026-03-13 00:00:00-04:00,AOS,66.4621353149414,0.004055837760035,0,0.46206984
2026-03-13 00:00:00-04:00,ABT,107.35648345947266,-0.0010171977267533,1,0.55387217
2026-03-13 00:00:00-04:00,AFL,108.70999908447266,-0.0083918470491124,1,0.50812864
2026-03-13 00:00:00-04:00,ACN,194.9963531494141,0.0030603696571767,1,0.511038
2026-03-13 00:00:00-04:00,ADBE,249.32000732421875,-0.075839541654888,1,0.31242496
2026-03-13 00:00:00-04:00,MMM,150.9600067138672,0.0124748526774722,0,0.53389627
2026-03-13 00:00:00-04:00,AES,14.017167091369627,-0.0021096956176461,1,0.51245147
2026-03-13 00:00:00-04:00,ABBV,217.8724975585937,-0.0252473269465728,1,0.49099982
2026-03-13 00:00:00-04:00,A,111.25614166259766,-0.0010749228486662,1,0.5136171
2026-03-16 00:00:00-04:00,A,111.57540893554688,0.0028696597615027,1,0.5159176
2026-03-16 00:00:00-04:00,AOS,66.02462768554688,-0.0065828103072724,0,0.47385374
2026-03-16 00:00:00-04:00,ACN,197.63400268554688,0.0135266608504811,0,0.5017357
2026-03-16 00:00:00-04:00,ABT,109.26451110839844,0.0177728217937211,1,0.55186397
2026-03-16 00:00:00-04:00,AMD,196.5800018310547,0.0164951778865201,0,0.49984676
2026-03-16 00:00:00-04:00,ABBV,219.6279296875,0.0080571533744602,0,0.5079628
2026-03-16 00:00:00-04:00,AES,14.027045249938965,0.0007047186143211,0,0.48592833
2026-03-16 00:00:00-04:00,ADBE,251.8600006103516,0.0101876833447618,1,0.5495254
2026-03-16 00:00:00-04:00,AFL,109.11000061035156,0.0036795283713331,1,0.51598287
2026-03-16 00:00:00-04:00,MMM,149.9499969482422,-0.0066905784360449,0,0.5111897
2026-03-17 00:00:00-04:00,ABBV,217.9518280029297,-0.0076315507183224,0,0.5008292
2026-03-17 00:00:00-04:00,ADBE,254.1999969482422,0.0092908613206539,0,0.5495254
2026-03-17 00:00:00-04:00,AOS,65.36835479736328,-0.0099398195974569,0,0.47106317
2026-03-17 00:00:00-04:00,ACN,196.98947143554688,-0.0032612366356081,0,0.47365072
2026-03-17 00:00:00-04:00,AFL,109.5199966430664,0.0037576393586413,0,0.51598287
2026-03-17 00:00:00-04:00,ABT,110.019775390625,0.0069122560890542,0,0.55987924
2026-03-17 00:00:00-04:00,AES,14.027045249938965,0.0,0,0.5275418
2026-03-17 00:00:00-04:00,MMM,149.05999755859375,-0.0059353078210173,0,0.5111897
2026-03-17 00:00:00-04:00,AMD,196.3099975585937,-0.0013735083423848,1,0.50403386
2026-03-17 00:00:00-04:00,A,112.49331665039062,0.0082267922977006,0,0.5671199
2026-03-18 00:00:00-04:00,A,111.24616241455078,-0.011086474049972,1,0.5831857
2026-03-18 00:00:00-04:00,MMM,145.0800018310547,-0.026700629228003,0,0.4027852
2026-03-18 00:00:00-04:00,ACN,193.50897216796875,-0.0176684532539441,1,0.4964695
2026-03-18 00:00:00-04:00,AFL,107.91999816894533,-0.0146091903137615,0,0.5350594
2026-03-18 00:00:00-04:00,AES,14.007288932800291,-0.0014084446714649,0,0.53674793
2026-03-18 00:00:00-04:00,ABT,107.81361389160156,-0.0200524086800801,0,0.49739775
2026-03-18 00:00:00-04:00,ABBV,206.62579345703125,-0.0519657699119926,0,0.37860906
2026-03-18 00:00:00-04:00,AMD,199.4600067138672,0.0160460964517779,1,0.508847
2026-03-18 00:00:00-04:00,ADBE,246.0,-0.0322580528980565,0,0.3939783
2026-03-18 00:00:00-04:00,AOS,63.65807342529297,-0.0261637512122195,1,0.4882074
2026-03-19 00:00:00-04:00,A,111.49559020996094,0.0022421249416288,0,0.5854829
2026-03-19 00:00:00-04:00,ADBE,245.9900054931641,-4.062807656868284e-05,1,0.53320134
2026-03-19 00:00:00-04:00,MMM,142.7100067138672,-0.0163357808607375,0,0.5181166
2026-03-19 00:00:00-04:00,ABBV,204.5331573486328,-0.0101276615730629,0,0.5320549
2026-03-19 00:00:00-04:00,ACN,201.83834838867188,0.0430438760920763,0,0.50945455
2026-03-19 00:00:00-04:00,AMD,205.2700042724609,0.0291286341272833,0,0.50593257
2026-03-19 00:00:00-04:00,ABT,106.52172088623048,-0.0119826519002506,0,0.52174425
2026-03-19 00:00:00-04:00,AES,13.977653503417969,-0.0021157148627759,0,0.5316944
2026-03-19 00:00:00-04:00,AOS,64.17514038085938,0.0081225668284357,0,0.52500504
2026-03-19 00:00:00-04:00,AFL,107.16999816894533,-0.0069495924084977,0,0.5428785
2026-03-20 00:00:00-04:00,AOS,63.72768020629883,-0.0069724845462746,1,0.5271773
2026-03-20 00:00:00-04:00,ABT,104.80250549316406,-0.0161395758420257,0,0.49739775
2026-03-20 00:00:00-04:00,ABBV,203.3827209472656,-0.0056246938945271,0,0.51645565
2026-03-20 00:00:00-04:00,AES,13.928263664245604,-0.0035334857285085,0,0.5280232
2026-03-20 00:00:00-04:00,AMD,201.3300018310547,-0.0191942434812664,1,0.48634663
2026-03-20 00:00:00-04:00,ADBE,248.1499938964844,0.0087807974108131,0,0.4828857
2026-03-20 00:00:00-04:00,AFL,106.22000122070312,-0.0088643926889371,1,0.52173495
2026-03-20 00:00:00-04:00,ACN,198.30828857421875,-0.0174895397363014,1,0.49296263
2026-03-20 00:00:00-04:00,A,111.04661560058594,-0.0040268373711419,1,0.5726194
2026-03-20 00:00:00-04:00,MMM,141.1999969482422,-0.0105809662573456,1,0.45722285
2026-03-23 00:00:00-04:00,ACN,198.3380279541016,0.0001499653902348,0,0.50403386
2026-03-23 00:00:00-04:00,MMM,146.55999755859375,0.0379603450863834,1,0.519439
2026-03-23 00:00:00-04:00,A,111.76496887207033,0.0064689343983987,1,0.5709211
2026-03-23 00:00:00-04:00,AMD,202.67999267578125,0.0067053634950016,1,0.5153311
2026-03-23 00:00:00-04:00,ADBE,247.63999938964844,-0.0020551864573034,0,0.5043364
2026-03-23 00:00:00-04:00,ABT,104.1963119506836,-0.0057841512435979,0,0.5052646
2026-03-23 00:00:00-04:00,AES,13.908506393432615,-0.0014185020681153,1,0.5280232
2026-03-23 00:00:00-04:00,AOS,64.70214080810547,0.015291010101923,1,0.4428213
2026-03-23 00:00:00-04:00,ABBV,203.2438507080078,-0.0006828025439475,1,0.5196561
2026-03-23 00:00:00-04:00,AFL,106.6500015258789,0.0040482046717578,0,0.55360293
2026-03-24 00:00:00-04:00,AFL,106.1999969482422,-0.0042194521443819,1,0.5428785
2026-03-24 00:00:00-04:00,ADBE,238.8699951171875,-0.0354143284367474,0,0.42326158
2026-03-24 00:00:00-04:00,ACN,191.9125061035156,-0.0323968223182745,0,0.41588545
2026-03-24 00:00:00-04:00,AOS,65.07999420166016,0.0058398901309204,1,0.48305213
2026-03-24 00:00:00-04:00,ABT,103.4112319946289,-0.0075346232640773,1,0.5052646
2026-03-24 00:00:00-04:00,ABBV,203.5116424560547,0.0013175884392764,1,0.53045416
2026-03-24 00:00:00-04:00,AMD,205.3699951171875,0.0132721656730534,1,0.5017357
2026-03-24 00:00:00-04:00,AES,13.957898139953612,0.0035511898347559,0,0.5021507
2026-03-24 00:00:00-04:00,MMM,146.6699981689453,0.0007505500285478,1,0.5058192
2026-03-24 00:00:00-04:00,A,113.94001007080078,0.019460849143349,0,0.5650709
2026-03-25 00:00:00-04:00,AFL,107.20999908447266,0.0095103782038965,1,0.5148536
2026-03-25 00:00:00-04:00,ADBE,237.25,-0.0067819112919257,1,0.51645565
2026-03-25 00:00:00-04:00,AES,13.888751029968262,-0.0049539772601879,0,0.52864873
2026-03-25 00:00:00-04:00,A,112.72279357910156,-0.0106829593129126,1,0.58105594
2026-03-25 00:00:00-04:00,AOS,66.52179718017578,0.0221543194064828,0,0.43177822
2026-03-25 00:00:00-04:00,AMD,220.2700042724609,0.0725520256587202,0,0.55394197
2026-03-25 00:00:00-04:00,MMM,148.0500030517578,0.0094089104795849,0,0.50484186
2026-03-25 00:00:00-04:00,ABBV,205.475341796875,0.0096490761762897,1,0.52357835
2026-03-25 00:00:00-04:00,ACN,190.6730194091797,-0.0064586030347982,1,0.5230169
2026-03-25 00:00:00-04:00,ABT,104.17643737792967,0.0073996351125622,0,0.5253986
2026-03-26 00:00:00-04:00,AES,13.839359283447266,-0.0035562410481995,0,0.52864873
2026-03-26 00:00:00-04:00,AFL,108.20999908447266,0.0093274881871054,0,0.5253986
2026-03-26 00:00:00-04:00,MMM,143.99000549316406,-0.0274231507930087,0,0.48437518
2026-03-26 00:00:00-04:00,A,113.2216567993164,0.0044255753816531,0,0.5749964
2026-03-26 00:00:00-04:00,ACN,194.768295288086,0.0214780040280262,0,0.4790281
2026-03-26 00:00:00-04:00,ABT,103.91805267333984,-0.0024802605185322,0,0.5214777
2026-03-26 00:00:00-04:00,ADBE,240.8800048828125,0.0153003367031085,0,0.5466067
2026-03-26 00:00:00-04:00,AOS,65.23908996582031,-0.0192825099249983,0,0.44688106
2026-03-26 00:00:00-04:00,AMD,203.7700042724609,-0.0749080659189096,0,0.3939288
2026-03-26 00:00:00-04:00,ABBV,209.38291931152344,0.0190172576450138,0,0.4788843
2026-03-27 00:00:00-04:00,ADBE,234.83999633789065,-0.0250747609701365,1,0.504359
2026-03-27 00:00:00-04:00,AOS,64.05581665039062,-0.0181374895948061,0,0.47107247
2026-03-27 00:00:00-04:00,AMD,201.9900054931641,-0.0087353326886953,0,0.4970835
2026-03-27 00:00:00-04:00,AFL,106.41000366210938,-0.0166342799888403,1,0.51362044
2026-03-27 00:00:00-04:00,MMM,143.0399932861328,-0.0065977649197072,0,0.49770778
2026-03-27 00:00:00-04:00,ABBV,207.6770782470703,-0.0081469924579432,1,0.49199942
2026-03-27 00:00:00-04:00,A,109.98902893066406,-0.0285513210108038,1,0.50229794
2026-03-27 00:00:00-04:00,AES,13.82948112487793,-0.0007137728248121,1,0.50935614
2026-03-27 00:00:00-04:00,ACN,190.9804229736328,-0.0194480950241435,1,0.4964695
2026-03-27 00:00:00-04:00,ABT,103.34166717529295,-0.0055465386736867,0,0.504764
2026-03-30 00:00:00-04:00,ADBE,241.1300048828125,0.0267842302972602,1,0.5334475
2026-03-30 00:00:00-04:00,ACN,195.8887939453125,0.0257009116183459,1,0.4915782
2026-03-30 00:00:00-04:00,AES,13.849238395690918,0.001428634280244,1,0.4828345
2026-03-30 00:00:00-04:00,MMM,142.52000427246094,-0.0036352701207955,1,0.4920448
2026-03-30 00:00:00-04:00,AOS,63.31999969482422,-0.0114871216080564,1,0.47107247
2026-03-30 00:00:00-04:00,AFL,108.16999816894533,0.0165397466992349,1,0.5102877
2026-03-30 00:00:00-04:00,AMD,196.0399932861328,-0.02945696343987,1,0.39268273
2026-03-30 00:00:00-04:00,ABBV,211.3664703369141,0.0177650423483644,1,0.49984676
2026-03-30 00:00:00-04:00,A,111.75499725341795,0.0160558588426773,1,0.51224965
2026-03-30 00:00:00-04:00,ABT,101.2448272705078,-0.0202903626591237,1,0.48054942
2026-03-31 00:00:00-04:00,AFL,109.70999908447266,0.0142368581084939,0,0.51568025
2026-03-31 00:00:00-04:00,ACN,196.62257385253903,0.0037459003776978,0,0.511038
2026-03-31 00:00:00-04:00,ABBV,215.7005157470703,0.0205048861498602,0,0.4884125
2026-03-31 00:00:00-04:00,MMM,145.22999572753906,0.0190148145792736,1,0.48178968
2026-03-31 00:00:00-04:00,A,113.9800033569336,0.0199096788349444,1,0.52474034
2026-03-31 00:00:00-04:00,AES,13.91838550567627,0.0049928456720671,1,0.54657984
2026-03-31 00:00:00-04:00,ABT,102.02989959716795,0.007754196908871,0,0.53350437
2026-03-31 00:00:00-04:00,ADBE,243.0800018310547,0.0080869112460304,0,0.49683535
2026-03-31 00:00:00-04:00,AMD,203.42999267578125,0.0376963866697457,1,0.50593257
2026-03-31 00:00:00-04:00,AOS,65.56722259521484,0.0354899385853015,0,0.4629202
2026-04-01 00:00:00-04:00,ADBE,241.3699951171875,-0.0070347486464792,1,0.49867293
2026-04-01 00:00:00-04:00,MMM,145.25,0.0001377420164527,0,0.49740517
2026-04-01 00:00:00-04:00,ABBV,213.211166381836,-0.011540766866563,0,0.4964695
2026-04-01 00:00:00-04:00,ACN,195.4029083251953,-0.0062030798572417,1,0.4998825
2026-04-01 00:00:00-04:00,ABT,101.74170684814452,-0.0028245911263391,1,0.5052646
2026-04-01 00:00:00-04:00,AMD,210.2100067138672,0.0333284878444235,1,0.51952314
2026-04-01 00:00:00-04:00,AFL,109.63999938964844,-0.0006380429806613,1,0.5117536
2026-04-01 00:00:00-04:00,AES,14.027045249938965,0.0078069215871612,1,0.5474839
2026-04-01 00:00:00-04:00,A,114.54000091552734,0.0049131210923032,1,0.5138855
2026-04-01 00:00:00-04:00,AOS,64.71208953857422,-0.0130420814363277,0,0.46234977
2026-04-02 00:00:00-04:00,AOS,63.986209869384766,-0.0112170642976496,1,0.46234977
2026-04-02 00:00:00-04:00,AFL,110.4800033569336,0.007661473658896,0,0.51211673
2026-04-02 00:00:00-04:00,AMD,217.5,0.0346795730616942,1,0.5420499
2026-04-02 00:00:00-04:00,ADBE,242.9199981689453,0.0064216890380481,1,0.500921
2026-04-02 00:00:00-04:00,ABT,102.2286605834961,0.0047861761949639,0,0.54550743
2026-04-02 00:00:00-04:00,A,115.4800033569336,0.008206761252774,0,0.51169443
2026-04-02 00:00:00-04:00,ACN,199.6370086669922,0.0216685635750639,0,0.47615427
2026-04-02 00:00:00-04:00,MMM,144.47000122070312,-0.0053700432309595,1,0.49770778
2026-04-02 00:00:00-04:00,AES,14.12582778930664,0.0070422913455778,1,0.5469905
2026-04-02 00:00:00-04:00,ABBV,207.12168884277344,-0.0285607815125263,0,0.52074146
2026-04-06 00:00:00-04:00,ABT,101.6622085571289,-0.0055410295227777,0,0.5428785
2026-04-06 00:00:00-04:00,ACN,197.2770233154297,-0.0118213820539613,0,0.48634663
2026-04-06 00:00:00-04:00,ADBE,244.3600006103516,0.0059278875854624,0,0.500921
2026-04-06 00:00:00-04:00,A,114.83999633789062,-0.0055421458299129,0,0.48881915
2026-04-06 00:00:00-04:00,AMD,220.17999267578125,0.0123218054058908,1,0.5186307
2026-04-06 00:00:00-04:00,AOS,64.31434631347656,0.0051282369242,0,0.49742517
2026-04-06 00:00:00-04:00,ABBV,204.9893798828125,-0.0102949573841085,0,0.50153744
2026-04-06 00:00:00-04:00,MMM,144.5,0.0002076471173488,0,0.49740517
2026-04-06 00:00:00-04:00,AFL,110.26000213623048,-0.001991321633041,1,0.5117536
2026-04-06 00:00:00-04:00,AES,14.155462265014648,0.0020978930332451,1,0.52276254
2026-04-07 00:00:00-04:00,AMD,221.52999877929688,0.0061313750041926,1,0.51159483
2026-04-07 00:00:00-04:00,AOS,63.82711791992188,-0.0075757342099049,1,0.47018087
2026-04-07 00:00:00-04:00,AFL,110.5199966430664,0.0023580128949634,1,0.5062529
2026-04-07 00:00:00-04:00,AES,14.254243850708008,0.0069783369729647,0,0.5485953
2026-04-07 00:00:00-04:00,ABT,101.19513702392578,-0.0045943476915578,1,0.52452797
2026-04-07 00:00:00-04:00,A,113.87999725341795,-0.0083594489296925,1,0.47864103
2026-04-07 00:00:00-04:00,MMM,144.35000610351562,-0.0010380200448745,1,0.49740517
2026-04-07 00:00:00-04:00,ABBV,204.6720123291016,-0.0015482146143002,1,0.5043364
2026-04-07 00:00:00-04:00,ACN,195.64089965820312,-0.0082935337817345,0,0.4970835
2026-04-07 00:00:00-04:00,ADBE,240.13999938964844,-0.0172696071785997,0,0.4964695
2026-04-08 00:00:00-04:00,ADBE,239.3099975585937,-0.0034563247820617,0,0.5008292
2026-04-08 00:00:00-04:00,AES,14.224609375,-0.0020789931769362,1,0.54158646
2026-04-08 00:00:00-04:00,A,116.91999816894533,0.0266947751040285,0,0.53154826
2026-04-08 00:00:00-04:00,ABBV,209.8490600585937,0.0252943608194349,1,0.51403254
2026-04-08 00:00:00-04:00,AOS,66.39252471923828,0.0401930540328483,1,0.4748837
2026-04-08 00:00:00-04:00,ACN,192.20999145507807,-0.0175367635761186,0,0.48634663
2026-04-08 00:00:00-04:00,MMM,149.1699981689453,0.0333910070081548,1,0.5129014
2026-04-08 00:00:00-04:00,AMD,231.82000732421875,0.0464497296150552,1,0.5835657
2026-04-08 00:00:00-04:00,AFL,113.0,0.0224394085438037,1,0.54226774
2026-04-08 00:00:00-04:00,ABT,102.9143524169922,0.0169891107777238,0,0.50323385
2026-04-09 00:00:00-04:00,AES,14.234487533569336,0.0006944414647123,0,0.5243786
2026-04-09 00:00:00-04:00,AFL,113.06999969482422,0.000619466325878,0,0.5474173
2026-04-09 00:00:00-04:00,AOS,66.88970184326172,0.0074884503357253,0,0.4892242
2026-04-09 00:00:00-04:00,AMD,236.63999938964844,0.0207919589040843,1,0.49532714
2026-04-09 00:00:00-04:00,ADBE,229.94000244140625,-0.0391542150882905,0,0.4809599
2026-04-09 00:00:00-04:00,A,115.38999938964844,-0.013085860445243,0,0.49242583
2026-04-09 00:00:00-04:00,ABBV,210.6523895263672,0.0038281299308615,0,0.5059034
2026-04-09 00:00:00-04:00,ACN,186.02999877929688,-0.0321522967094326,0,0.41588545
2026-04-09 00:00:00-04:00,MMM,150.5,0.0089160142614492,0,0.5120083
2026-04-09 00:00:00-04:00,ABT,102.07958984375,-0.0081112357376538,0,0.5186832
2026-04-10 00:00:00-04:00,AFL,110.6999969482422,-0.0209604913149257,1,0.5750813
2026-04-10 00:00:00-04:00,ACN,179.52999877929688,-0.0349406012076122,1,0.42704982
2026-04-10 00:00:00-04:00,ABBV,206.2290954589844,-0.0209980721193249,0,0.48634663
2026-04-10 00:00:00-04:00,AOS,65.54733276367188,-0.0200683968174253,1,0.46474102
2026-04-10 00:00:00-04:00,MMM,150.32000732421875,-0.0011959646231312,1,0.501843
2026-04-10 00:00:00-04:00,A,115.05999755859376,-0.0028598824230887,1,0.48974767
2026-04-10 00:00:00-04:00,ADBE,225.3500061035156,-0.0199617130084196,1,0.49080688
2026-04-10 00:00:00-04:00,ABT,99.6746826171875,-0.0235591388077049,1,0.4919279
2026-04-10 00:00:00-04:00,AMD,245.0399932861328,0.0354969317027973,1,0.5256532
2026-04-10 00:00:00-04:00,AES,14.214731216430664,-0.0013879191008513,1,0.5307676
2026-04-13 00:00:00-04:00,A,117.5,0.0212063488021863,1,0.53732365
2026-04-13 00:00:00-04:00,AOS,66.80021667480469,0.0191141860134878,0,0.46271855
2026-04-13 00:00:00-04:00,ADBE,240.1100006103516,0.0654980878946855,0,0.46510202
2026-04-13 00:00:00-04:00,MMM,152.7899932861328,0.0164315183712482,0,0.50952804
2026-04-13 00:00:00-04:00,ABBV,204.7711944580078,-0.0070693274279842,1,0.4998825
2026-04-13 00:00:00-04:00,AMD,246.8300018310547,0.0073049648790664,1,0.51593614
2026-04-13 00:00:00-04:00,ABT,100.06224822998048,0.0038883054614928,1,0.51598287
2026-04-13 00:00:00-04:00,ACN,191.9499969482422,0.0691806286046583,0,0.44468918
2026-04-13 00:00:00-04:00,AFL,112.13999938964844,0.013008152494164,0,0.53548366
2026-04-13 00:00:00-04:00,AES,14.224609375,0.0006949240487865,0,0.50328594
2026-04-14 00:00:00-04:00,AES,14.224609375,0.0,1,0.5307676
2026-04-14 00:00:00-04:00,A,120.38999938964844,0.0245957394863696,0,0.54421604
2026-04-14 00:00:00-04:00,ABT,100.42000579833984,0.0035753500914461,1,0.51598287
2026-04-14 00:00:00-04:00,AFL,111.94000244140624,-0.001783457725439,1,0.5315718
2026-04-14 00:00:00-04:00,ABBV,208.52999877929688,0.0183561185509413,0,0.5059898
2026-04-14 00:00:00-04:00,AMD,255.07000732421875,0.0333833222543344,1,0.5078346
2026-04-14 00:00:00-04:00,ADBE,235.72000122070312,-0.0182832842384291,1,0.5054704
2026-04-14 00:00:00-04:00,ACN,190.3699951171875,-0.0082313199071356,1,0.4970835
2026-04-14 00:00:00-04:00,AOS,66.55162811279297,-0.0037213735880812,0,0.4639801
2026-04-14 00:00:00-04:00,MMM,152.5500030517578,-0.0015707195819137,0,0.5152812
2026-04-15 00:00:00-04:00,A,119.7699966430664,-0.0051499522362763,0,0.46957833
2026-04-15 00:00:00-04:00,AFL,112.9800033569336,0.0092906994179469,1,0.53548366
2026-04-15 00:00:00-04:00,ABT,101.55999755859376,0.0113522375466021,0,0.52189916
2026-04-15 00:00:00-04:00,AES,14.27400016784668,0.0034722073235617,1,0.5030431
2026-04-15 00:00:00-04:00,ACN,194.0,0.0190681566208894,0,0.47868827
2026-04-15 00:00:00-04:00,MMM,151.24000549316406,-0.0085873322345938,0,0.5253799
2026-04-15 00:00:00-04:00,ABBV,208.4199981689453,-0.0005275049680885,1,0.49780607
2026-04-15 00:00:00-04:00,AMD,258.1199951171875,0.0119574536613076,1,0.5021656
2026-04-15 00:00:00-04:00,AOS,63.01175308227539,-0.0531899088106173,0,0.45077428
2026-04-15 00:00:00-04:00,ADBE,244.66000366210932,0.0379263634613498,1,0.50593257
2026-04-16 00:00:00-04:00,ADBE,248.16000366210932,0.014305566695052,0,0.5017357
2026-04-16 00:00:00-04:00,ABBV,208.9900054931641,0.0027348974629426,0,0.49230412
2026-04-16 00:00:00-04:00,AMD,278.260009765625,0.0780257826957335,1,0.5242466
2026-04-16 00:00:00-04:00,AOS,62.92226028442383,-0.0014202556423832,1,0.47018087
2026-04-16 00:00:00-04:00,AES,14.32339096069336,0.0034601928167226,0,0.40171793
2026-04-16 00:00:00-04:00,ACN,194.0,0.0,1,0.49780607
2026-04-16 00:00:00-04:00,A,118.25,-0.0126909633937474,1,0.49706352
2026-04-16 00:00:00-04:00,ABT,95.47000122070312,-0.0599645183565221,1,0.5180973
2026-04-16 00:00:00-04:00,AFL,113.70999908447266,0.006461282579651,1,0.53548366
2026-04-16 00:00:00-04:00,MMM,150.5500030517578,-0.0045623010866489,1,0.509047
2026-04-17 00:00:00-04:00,A,121.87000274658205,0.0306131310493196,0,0.4760338
2026-04-17 00:00:00-04:00,ACN,197.6499938964844,0.01881440152827,0,0.4934012
2026-04-17 00:00:00-04:00,MMM,154.5500030517578,0.026569245559064,0,0.5385523
2026-04-17 00:00:00-04:00,ADBE,244.4499969482422,-0.0149500590712379,1,0.3102813
2026-04-17 00:00:00-04:00,ABBV,208.3800048828125,-0.0029188027863444,0,0.49460164
2026-04-17 00:00:00-04:00,AMD,278.3900146484375,0.0004672064912309,0,0.6681916
2026-04-17 00:00:00-04:00,AFL,114.5199966430664,0.0071233626340285,1,0.51400346
2026-04-17 00:00:00-04:00,ABT,96.80999755859376,0.0140357842333413,0,0.5253986
2026-04-17 00:00:00-04:00,AES,14.293756484985352,-0.0020689567009188,1,0.62415403
2026-04-17 00:00:00-04:00,AOS,64.45355224609375,0.0243362516659146,1,0.47554192
2026-04-20 00:00:00-04:00,A,120.95999908447266,-0.0074670028850467,1,0.57190955
2026-04-20 00:00:00-04:00,ABBV,203.7100067138672,-0.0224109706282596,1,0.49296263
2026-04-20 00:00:00-04:00,ADBE,248.6300048828125,0.0170996440448119,0,0.5059898
2026-04-20 00:00:00-04:00,AMD,274.95001220703125,-0.0123567738079629,1,0.67515665
2026-04-20 00:00:00-04:00,ACN,195.0599975585937,-0.0131039535434903,0,0.48634663
2026-04-20 00:00:00-04:00,AES,14.303634643554688,0.000691082052483,0,0.6078011
2026-04-20 00:00:00-04:00,ABT,96.0,-0.008366879237896,0,0.5186832
2026-04-20 00:00:00-04:00,AOS,65.22914123535156,0.0120333009156188,0,0.55002826
2026-04-20 00:00:00-04:00,MMM,151.39999389648438,-0.0203818123136401,0,0.55695873
2026-04-20 00:00:00-04:00,AFL,114.66999816894533,0.0013098282420183,1,0.4846747
2026-04-21 00:00:00-04:00,ABT,92.72000122070312,-0.0341666539510091,0,0.45674664
2026-04-21 00:00:00-04:00,ACN,194.4199981689453,-0.0032810386427701,0,0.5133345
2026-04-21 00:00:00-04:00,AES,14.264122009277344,-0.0027624191516348,1,0.50723326
2026-04-21 00:00:00-04:00,AFL,115.97000122070312,0.0113369065362893,0,0.49410236
2026-04-21 00:00:00-04:00,ABBV,205.1199951171875,0.0069215470858081,0,0.51146877
2026-04-21 00:00:00-04:00,MMM,148.47000122070312,-0.0193526604616942,0,0.4797084
2026-04-21 00:00:00-04:00,AOS,64.62258911132812,-0.0092987905794276,0,0.54987764
2026-04-21 00:00:00-04:00,ADBE,247.17999267578125,-0.005832008118709,1,0.4998825
2026-04-21 00:00:00-04:00,A,122.08999633789062,0.0093419085811072,0,0.573267
2026-04-21 00:00:00-04:00,AMD,284.489990234375,0.0346971362203845,1,0.53972083
2026-04-22 00:00:00-04:00,ABT,91.6999969482422,-0.0110009087471104,1,0.5061352
2026-04-22 00:00:00-04:00,ADBE,255.94000244140625,0.0354398010566949,0,0.51952314
2026-04-22 00:00:00-04:00,ABBV,200.5,-0.0225233776675357,1,0.4964695
2026-04-22 00:00:00-04:00,AFL,114.75,-0.0105199724744448,1,0.5806159
2026-04-22 00:00:00-04:00,MMM,145.77999877929688,-0.0181181546392493,0,0.4901254
2026-04-22 00:00:00-04:00,ACN,190.1000061035156,-0.0222198956183291,0,0.47240695
2026-04-22 00:00:00-04:00,AES,14.27400016784668,0.0006925178123764,1,0.59444636
2026-04-22 00:00:00-04:00,AMD,303.4599914550781,0.066680733494612,1,0.5035616
2026-04-22 00:00:00-04:00,A,120.47000122070312,-0.013268860396261,0,0.6205077
2026-04-22 00:00:00-04:00,AOS,64.44361114501953,-0.0027695882936578,1,0.53405404
2026-04-23 00:00:00-04:00,ABT,92.4800033569336,0.0085060679896384,0,0.53350437
2026-04-23 00:00:00-04:00,ACN,178.27999877929688,-0.0621778376891916,1,0.37860906
2026-04-23 00:00:00-04:00,ABBV,200.9499969482422,0.0022443738066941,0,0.49853125
2026-04-23 00:00:00-04:00,A,114.41999816894533,-0.0502199966004324,1,0.5460569
2026-04-23 00:00:00-04:00,AOS,64.7220230102539,0.0043202399786048,0,0.49473152
2026-04-23 00:00:00-04:00,AFL,115.12000274658205,0.0032244248068151,0,0.5260875
2026-04-23 00:00:00-04:00,MMM,144.83999633789062,-0.00644808923911,1,0.5036633
2026-04-23 00:00:00-04:00,AMD,305.3299865722656,0.0061622459956613,1,0.629306
2026-04-23 00:00:00-04:00,ADBE,238.97999572753903,-0.0662655565839105,1,0.387116
2026-04-23 00:00:00-04:00,AES,14.32339096069336,0.0034601928167226,0,0.55110705
2026-04-24 00:00:00-04:00,ABBV,198.7100067138672,-0.0111470030773473,0,0.49296263
2026-04-24 00:00:00-04:00,MMM,145.99000549316406,0.0079398590468797,0,0.50551635
2026-04-24 00:00:00-04:00,ABT,91.12999725341795,-0.0145978163333881,1,0.5061352
2026-04-24 00:00:00-04:00,AOS,64.01603698730469,-0.0109079721262324,1,0.49197647
2026-04-24 00:00:00-04:00,ACN,178.36000061035156,0.0004487426049051,0,0.4962376
2026-04-24 00:00:00-04:00,AFL,114.62000274658205,-0.0043432938505106,1,0.5315718
2026-04-24 00:00:00-04:00,AES,14.313512802124023,-0.0006896522336395,0,0.5887335
2026-04-24 00:00:00-04:00,A,115.5500030517578,0.0098759386549192,1,0.5520669
2026-04-24 00:00:00-04:00,AMD,347.8099975585937,0.1391281985212871,0,0.5035616
2026-04-24 00:00:00-04:00,ADBE,245.44000244140625,0.027031579334499,0,0.50593257
2026-04-27 00:00:00-04:00,AES,14.313512802124023,0.0,0,0.587164
2026-04-27 00:00:00-04:00,AOS,64.31434631347656,0.0046599155494588,0,0.49473152
2026-04-27 00:00:00-04:00,AMD,334.6300048828125,-0.0378942318170737,0,0.70101815
2026-04-27 00:00:00-04:00,ADBE,239.3099975585937,-0.0249755737525954,1,0.48088202
2026-04-27 00:00:00-04:00,ABT,92.8000030517578,0.0183255332895031,1,0.51379293
2026-04-27 00:00:00-04:00,AFL,114.68000030517578,0.0005234475410578,1,0.56824356
2026-04-27 00:00:00-04:00,MMM,145.77000427246094,-0.0015069608358458,1,0.49838233
2026-04-27 00:00:00-04:00,ABBV,197.3800048828125,-0.0066931799412086,1,0.5008292
2026-04-27 00:00:00-04:00,A,115.62000274658205,0.0006057956986196,0,0.5845646
2026-04-27 00:00:00-04:00,ACN,176.97000122070312,-0.0077932237322932,1,0.50153744
2026-04-28 00:00:00-04:00,AOS,63.54869842529297,-0.0119047760269804,0,0.46615383
2026-04-28 00:00:00-04:00,AMD,323.2099914550781,-0.0341272846460186,1,0.49259552
2026-04-28 00:00:00-04:00,AES,14.303634643554688,-0.0006901281820819,0,0.60452056
2026-04-28 00:00:00-04:00,A,114.87000274658205,-0.0064867668412347,0,0.5666638
2026-04-28 00:00:00-04:00,ACN,177.75,0.0044075197712414,1,0.50203854
2026-04-28 00:00:00-04:00,MMM,146.02999877929688,0.0017835940125925,0,0.5023122
2026-04-28 00:00:00-04:00,ADBE,243.1999969482422,0.0162550642653198,1,0.49011293
2026-04-28 00:00:00-04:00,AFL,116.29000091552734,0.014039070509829,0,0.54444355
2026-04-28 00:00:00-04:00,ABT,93.86000061035156,0.0114223871092178,0,0.50919336
2026-04-28 00:00:00-04:00,ABBV,197.69000244140625,0.0015705621183756,1,0.5207234
2026-04-29 00:00:00-04:00,ABBV,203.88999938964844,0.031362217975994,1,0.5121582
2026-04-29 00:00:00-04:00,AES,14.27400016784668,-0.0020718143637261,0,0.57820076
2026-04-29 00:00:00-04:00,MMM,143.8699951171875,-0.0147915064039266,1,0.50025034
2026-04-29 00:00:00-04:00,A,111.3000030517578,-0.0310786072034848,1,0.46535188
2026-04-29 00:00:00-04:00,ABT,91.33000183105467,-0.0269550262395572,0,0.51628166
2026-04-29 00:00:00-04:00,AMD,337.1099853515625,0.0430060773613685,1,0.4168678
2026-04-29 00:00:00-04:00,AOS,63.31999969482422,-0.0035987948791367,0,0.5070889
2026-04-29 00:00:00-04:00,ACN,180.259994506836,0.0141209254955609,0,0.5079628
2026-04-29 00:00:00-04:00,ADBE,243.57000732421875,0.0015214242624159,1,0.5059034
2026-04-29 00:00:00-04:00,AFL,116.20999908447266,-0.0006879510742526,0,0.54786795
2026-04-30 00:00:00-04:00,AES,14.27400016784668,0.0,1,0.587164
2026-04-30 00:00:00-04:00,ABBV,211.32000732421875,0.0364412573290122,0,0.5096533
2026-04-30 00:00:00-04:00,AOS,61.84000015258789,-0.0233733346394394,0,0.4992223
2026-04-30 00:00:00-04:00,AMD,354.489990234375,0.051555888695161,1,0.48107225
2026-04-30 00:00:00-04:00,ADBE,246.1000061035156,0.010387152371881,1,0.46955082
2026-04-30 00:00:00-04:00,ABT,90.79000091552734,-0.0059126344541877,0,0.5109266
2026-04-30 00:00:00-04:00,A,115.5500030517578,0.0381850843078919,0,0.46922997
2026-04-30 00:00:00-04:00,ACN,178.7100067138672,-0.0085986233229914,1,0.4970835
2026-04-30 00:00:00-04:00,MMM,146.52000427246094,0.0184194706694393,0,0.48971212
2026-04-30 00:00:00-04:00,AFL,113.66999816894533,-0.0218569910983392,0,0.49845797
2026-05-01 00:00:00-04:00,ACN,179.8300018310547,0.0062671091439256,0,0.5044282
2026-05-01 00:00:00-04:00,AES,14.279999732971191,0.0004203142114307,0,0.58097494
2026-05-01 00:00:00-04:00,AMD,360.5400085449219,0.017066824105659,0,0.3624315
2026-05-01 00:00:00-04:00,ADBE,250.7100067138672,0.0187322246892285,0,0.4934012
2026-05-01 00:00:00-04:00,ABBV,206.6000061035156,-0.0223357990588248,0,0.48634663
2026-05-01 00:00:00-04:00,ABT,89.45999908447266,-0.0146492104597746,0,0.52174425
2026-05-01 00:00:00-04:00,AOS,60.34999847412109,-0.0240944643400756,0,0.37683102
2026-05-01 00:00:00-04:00,MMM,142.5,-0.0274365557960641,0,0.48437518
2026-05-01 00:00:00-04:00,AFL,112.87999725341795,-0.0069499509831363,0,0.51703024
2026-05-01 00:00:00-04:00,A,114.5199966430664,-0.0089139453179418,0,0.53280896
